Image Index,Image Name,Object1 Color 1 (RGB),Object1 Weight 1,Object1 Color 2 (RGB),Object1 Weight 2,Object1 Color 3 (RGB),Object1 Weight 3,Object1 Color 4 (RGB),Object1 Weight 4,Object1 Color 5 (RGB),Object1 Weight 5,Object1_Size_Weight,Object2 Color 1 (RGB),Object2 Weight 1,Object2 Color 2 (RGB),Object2 Weight 2,Object2 Color 3 (RGB),Object2 Weight 3,Object2 Color 4 (RGB),Object2 Weight 4,Object2 Color 5 (RGB),Object2 Weight 5,Object2_Size_Weight,Object3 Color 1 (RGB),Object3 Weight 1,Object3 Color 2 (RGB),Object3 Weight 2,Object3 Color 3 (RGB),Object3 Weight 3,Object3 Color 4 (RGB),Object3 Weight 4,Object3 Color 5 (RGB),Object3 Weight 5,Object3_Size_Weight,Object4 Color 1 (RGB),Object4 Weight 1,Object4 Color 2 (RGB),Object4 Weight 2,Object4 Color 3 (RGB),Object4 Weight 3,Object4 Color 4 (RGB),Object4 Weight 4,Object4 Color 5 (RGB),Object4 Weight 5,Object4_Size_Weight,Object5 Color 1 (RGB),Object5 Weight 1,Object5 Color 2 (RGB),Object5 Weight 2,Object5 Color 3 (RGB),Object5 Weight 3,Object5 Color 4 (RGB),Object5 Weight 4,Object5 Color 5 (RGB),Object5 Weight 5,Object5_Size_Weight
1,L_1.jpg,"RGB(119, 122, 115)",0.29,"RGB(170, 171, 171)",0.19,"RGB(68, 32, 13)",0.05,"RGB(142, 142, 134)",0.41,"RGB(145, 100, 64)",0.06,19.43%,"RGB(144, 156, 158)",0.27,"RGB(166, 183, 190)",0.15,"RGB(100, 110, 110)",0.20,"RGB(73, 65, 52)",0.02,"RGB(126, 133, 131)",0.35,8.39%,"RGB(165, 164, 158)",0.17,"RGB(99, 100, 87)",0.23,"RGB(125, 129, 119)",0.24,"RGB(14, 13, 8)",0.17,"RGB(75, 73, 57)",0.20,1.57%,"RGB(8, 14, 5)",0.74,"RGB(154, 112, 91)",0.13,"RGB(93, 81, 68)",0.05,"RGB(195, 187, 188)",0.05,"RGB(57, 35, 22)",0.04,1.42%,"RGB(189, 185, 185)",0.13,"RGB(82, 51, 26)",0.24,"RGB(108, 83, 60)",0.22,"RGB(27, 21, 11)",0.16,"RGB(148, 116, 97)",0.26,1.78%
2,L_4.jpg,"RGB(183, 95, 55)",0.06,"RGB(29, 28, 23)",0.30,"RGB(75, 74, 64)",0.23,"RGB(175, 174, 163)",0.20,"RGB(123, 127, 117)",0.21,12.42%,"RGB(182, 134, 64)",0.09,"RGB(191, 191, 185)",0.18,"RGB(154, 132, 109)",0.37,"RGB(170, 158, 139)",0.29,"RGB(88, 74, 68)",0.07,6.47%,"RGB(145, 166, 139)",0.21,"RGB(99, 80, 65)",0.14,"RGB(186, 200, 192)",0.13,"RGB(108, 134, 101)",0.26,"RGB(54, 97, 75)",0.26,4.14%,"RGB(159, 148, 114)",0.36,"RGB(103, 58, 25)",0.14,"RGB(211, 147, 75)",0.16,"RGB(156, 107, 57)",0.19,"RGB(111, 110, 81)",0.16,2.30%,"RGB(74, 94, 73)",0.27,"RGB(231, 196, 143)",0.21,"RGB(141, 143, 103)",0.23,"RGB(170, 180, 173)",0.16,"RGB(16, 31, 21)",0.13,9.29%
3,L_5.jpg,"RGB(102, 104, 100)",0.25,"RGB(228, 228, 223)",0.15,"RGB(182, 183, 179)",0.19,"RGB(65, 66, 63)",0.17,"RGB(140, 143, 139)",0.24,26.01%,"RGB(183, 189, 185)",0.08,"RGB(87, 85, 72)",0.48,"RGB(128, 130, 123)",0.06,"RGB(73, 72, 59)",0.14,"RGB(97, 96, 84)",0.25,5.66%,"RGB(152, 153, 143)",0.24,"RGB(227, 229, 220)",0.19,"RGB(189, 190, 179)",0.14,"RGB(76, 67, 58)",0.02,"RGB(123, 123, 110)",0.41,4.16%,"RGB(159, 159, 153)",0.22,"RGB(68, 66, 62)",0.12,"RGB(203, 196, 185)",0.22,"RGB(238, 230, 217)",0.25,"RGB(117, 116, 110)",0.19,3.15%,"RGB(166, 170, 165)",0.13,"RGB(41, 24, 18)",0.12,"RGB(214, 220, 216)",0.49,"RGB(112, 112, 109)",0.09,"RGB(43, 60, 85)",0.17,0.68%
4,L_7.jpg,"RGB(170, 163, 145)",0.13,"RGB(244, 214, 169)",0.24,"RGB(200, 198, 189)",0.47,"RGB(42, 36, 26)",0.04,"RGB(121, 115, 99)",0.11,20.27%,"RGB(196, 191, 172)",0.27,"RGB(48, 55, 12)",0.24,"RGB(97, 104, 55)",0.16,"RGB(155, 154, 121)",0.17,"RGB(230, 222, 196)",0.17,11.75%,"RGB(241, 211, 172)",0.26,"RGB(111, 107, 96)",0.06,"RGB(191, 192, 186)",0.60,"RGB(54, 49, 38)",0.03,"RGB(154, 148, 135)",0.05,6.87%,"RGB(191, 189, 179)",0.31,"RGB(14, 11, 13)",0.04,"RGB(94, 93, 81)",0.02,"RGB(211, 210, 201)",0.52,"RGB(160, 159, 141)",0.10,6.50%,"RGB(157, 155, 141)",0.19,"RGB(247, 218, 168)",0.34,"RGB(115, 113, 100)",0.22,"RGB(60, 57, 33)",0.06,"RGB(210, 192, 160)",0.18,5.86%
5,L_8.jpg,"RGB(163, 151, 133)",0.19,"RGB(53, 52, 22)",0.43,"RGB(138, 127, 110)",0.17,"RGB(109, 100, 82)",0.08,"RGB(190, 176, 155)",0.13,19.51%,"RGB(192, 179, 161)",0.20,"RGB(55, 54, 23)",0.24,"RGB(148, 136, 120)",0.22,"RGB(114, 107, 92)",0.06,"RGB(170, 158, 140)",0.28,7.06%,"RGB(222, 167, 96)",0.23,"RGB(142, 118, 91)",0.24,"RGB(178, 139, 97)",0.22,"RGB(80, 66, 46)",0.05,"RGB(204, 151, 92)",0.26,2.77%,"RGB(246, 214, 137)",0.03,"RGB(97, 68, 9)",0.11,"RGB(246, 185, 69)",0.40,"RGB(254, 216, 91)",0.42,"RGB(170, 135, 81)",0.04,1.33%,NaN,NaN,NaN,NaN,NaN,NaN,NaN,NaN,NaN,NaN,NaN
6,L_10.jpg,"RGB(120, 116, 108)",0.11,"RGB(66, 62, 52)",0.08,"RGB(238, 238, 236)",0.16,"RGB(17, 16, 11)",0.37,"RGB(155, 155, 150)",0.29,47.67%,"RGB(39, 53, 31)",0.10,"RGB(158, 178, 181)",0.23,"RGB(204, 222, 227)",0.16,"RGB(85, 99, 48)",0.29,"RGB(106, 125, 83)",0.22,9.42%,"RGB(61, 59, 55)",0.23,"RGB(137, 136, 132)",0.20,"RGB(98, 95, 87)",0.25,"RGB(235, 236, 235)",0.12,"RGB(24, 24, 23)",0.20,9.32%,"RGB(95, 93, 88)",0.15,"RGB(33, 30, 27)",0.27,"RGB(187, 190, 185)",0.14,"RGB(144, 143, 137)",0.30,"RGB(236, 242, 237)",0.14,1.17%,"RGB(81, 83, 71)",0.17,"RGB(195, 197, 190)",0.15,"RGB(241, 243, 235)",0.17,"RGB(131, 131, 124)",0.25,"RGB(153, 153, 145)",0.26,1.01%
7,L_14.jpg,"RGB(134, 127, 115)",0.35,"RGB(43, 39, 33)",0.11,"RGB(157, 158, 152)",0.10,"RGB(113, 103, 92)",0.27,"RGB(87, 78, 68)",0.17,30.53%,"RGB(43, 38, 31)",0.17,"RGB(115, 106, 95)",0.19,"RGB(95, 85, 74)",0.25,"RGB(136, 129, 118)",0.22,"RGB(70, 62, 53)",0.17,3.69%,"RGB(124, 122, 114)",0.27,"RGB(66, 61, 53)",0.13,"RGB(141, 141, 132)",0.33,"RGB(97, 96, 87)",0.16,"RGB(38, 32, 25)",0.11,1.34%,"RGB(103, 86, 75)",0.18,"RGB(85, 71, 61)",0.34,"RGB(70, 57, 48)",0.29,"RGB(132, 109, 97)",0.09,"RGB(53, 41, 31)",0.10,0.38%,NaN,NaN,NaN,NaN,NaN,NaN,NaN,NaN,NaN,NaN,NaN
8,L_21.jpg,"RGB(131, 123, 115)",0.18,"RGB(209, 205, 203)",0.31,"RGB(29, 27, 27)",0.02,"RGB(186, 182, 179)",0.22,"RGB(163, 156, 149)",0.26,42.45%,"RGB(231, 216, 215)",0.21,"RGB(179, 167, 167)",0.38,"RGB(174, 132, 111)",0.10,"RGB(122, 80, 58)",0.04,"RGB(212, 190, 185)",0.27,1.16%,"RGB(33, 30, 30)",0.22,"RGB(85, 76, 74)",0.07,"RGB(174, 165, 156)",0.03,"RGB(55, 49, 50)",0.12,"RGB(17, 15, 16)",0.56,0.84%,"RGB(166, 160, 146)",0.76,"RGB(56, 57, 53)",0.03,"RGB(194, 191, 185)",0.06,"RGB(110, 110, 99)",0.03,"RGB(154, 150, 134)",0.12,0.53%,"RGB(195, 185, 180)",0.74,"RGB(107, 105, 96)",0.02,"RGB(217, 210, 209)",0.03,"RGB(180, 171, 165)",0.17,"RGB(43, 44, 41)",0.04,0.48%
9,L_23.jpg,"RGB(10, 10, 7)",0.31,"RGB(159, 150, 136)",0.03,"RGB(68, 66, 62)",0.02,"RGB(38, 38, 35)",0.03,"RGB(3, 4, 3)",0.62,8.09%,"RGB(71, 60, 47)",0.39,"RGB(170, 182, 181)",0.03,"RGB(135, 128, 116)",0.01,"RGB(12, 10, 8)",0.04,"RGB(87, 74, 61)",0.54,4.63%,"RGB(25, 28, 21)",0.60,"RGB(66, 64, 56)",0.04,"RGB(10, 14, 9)",0.28,"RGB(91, 89, 81)",0.03,"RGB(39, 40, 34)",0.04,2.79%,"RGB(96, 86, 81)",0.15,"RGB(8, 9, 6)",0.39,"RGB(132, 117, 106)",0.13,"RGB(64, 56, 53)",0.15,"RGB(32, 31, 26)",0.19,2.27%,"RGB(158, 146, 123)",0.22,"RGB(51, 47, 44)",0.22,"RGB(94, 87, 83)",0.14,"RGB(197, 182, 154)",0.05,"RGB(12, 12, 10)",0.36,8.03%
10,L_24.jpg,"RGB(234, 100, 7)",0.02,"RGB(70, 72, 71)",0.60,"RGB(237, 196, 127)",0.05,"RGB(111, 118, 119)",0.21,"RGB(22, 25, 28)",0.12,16.30%,"RGB(215, 201, 183)",0.32,"RGB(151, 147, 141)",0.08,"RGB(254, 252, 240)",0.10,"RGB(243, 227, 200)",0.48,"RGB(89, 76, 59)",0.01,8.22%,"RGB(248, 125, 3)",0.47,"RGB(72, 24, 3)",0.22,"RGB(221, 183, 123)",0.09,"RGB(148, 73, 13)",0.12,"RGB(164, 121, 70)",0.09,3.58%,"RGB(146, 108, 72)",0.16,"RGB(147, 3, 6)",0.24,"RGB(247, 201, 130)",0.27,"RGB(208, 156, 57)",0.19,"RGB(53, 40, 27)",0.14,3.21%,"RGB(21, 25, 23)",0.19,"RGB(124, 117, 106)",0.23,"RGB(242, 216, 163)",0.24,"RGB(189, 134, 46)",0.07,"RGB(169, 166, 158)",0.26,0.68%
11,L_27.jpg,"RGB(201, 171, 119)",0.61,"RGB(118, 101, 75)",0.08,"RGB(215, 205, 188)",0.15,"RGB(51, 39, 27)",0.03,"RGB(166, 145, 110)",0.13,20.63%,"RGB(20, 19, 21)",0.57,"RGB(131, 116, 92)",0.09,"RGB(176, 166, 146)",0.04,"RGB(88, 79, 68)",0.19,"RGB(50, 47, 45)",0.10,19.55%,"RGB(50, 43, 37)",0.13,"RGB(139, 132, 119)",0.12,"RGB(101, 92, 80)",0.32,"RGB(77, 70, 62)",0.37,"RGB(189, 183, 170)",0.06,3.29%,"RGB(206, 202, 192)",0.39,"RGB(63, 65, 51)",0.33,"RGB(26, 26, 22)",0.13,"RGB(191, 189, 183)",0.14,"RGB(128, 121, 111)",0.01,3.12%,"RGB(188, 181, 172)",0.36,"RGB(16, 15, 17)",0.51,"RGB(63, 102, 111)",0.02,"RGB(153, 130, 109)",0.06,"RGB(58, 70, 64)",0.04,6.67%
12,L_31.jpg,"RGB(13, 23, 28)",0.29,"RGB(65, 94, 98)",0.06,"RGB(29, 64, 71)",0.21,"RGB(142, 145, 142)",0.03,"RGB(15, 43, 49)",0.40,3.23%,"RGB(51, 36, 33)",0.25,"RGB(191, 187, 183)",0.07,"RGB(25, 17, 16)",0.57,"RGB(153, 143, 131)",0.04,"RGB(91, 67, 61)",0.07,3.19%,"RGB(247, 229, 213)",0.55,"RGB(162, 120, 89)",0.05,"RGB(236, 208, 191)",0.33,"RGB(112, 74, 52)",0.04,"RGB(193, 168, 151)",0.03,3.02%,"RGB(164, 163, 158)",0.27,"RGB(45, 58, 33)",0.23,"RGB(141, 141, 133)",0.15,"RGB(25, 36, 17)",0.25,"RGB(89, 92, 67)",0.09,1.97%,"RGB(71, 45, 47)",0.30,"RGB(193, 185, 180)",0.13,"RGB(142, 120, 113)",0.18,"RGB(97, 83, 79)",0.18,"RGB(30, 22, 22)",0.21,3.89%
13,L_34.jpg,"RGB(167, 132, 125)",0.38,"RGB(243, 157, 126)",0.23,"RGB(152, 115, 107)",0.24,"RGB(208, 131, 109)",0.08,"RGB(251, 188, 141)",0.07,6.57%,"RGB(150, 152, 154)",0.32,"RGB(186, 187, 187)",0.18,"RGB(244, 178, 148)",0.10,"RGB(60, 60, 59)",0.04,"RGB(164, 167, 170)",0.36,4.60%,"RGB(173, 152, 133)",0.42,"RGB(149, 120, 92)",0.13,"RGB(109, 81, 54)",0.05,"RGB(203, 186, 165)",0.05,"RGB(161, 139, 117)",0.36,3.28%,"RGB(156, 123, 92)",0.29,"RGB(189, 170, 149)",0.22,"RGB(135, 94, 52)",0.10,"RGB(219, 210, 194)",0.05,"RGB(169, 145, 122)",0.34,2.22%,"RGB(169, 148, 135)",0.45,"RGB(63, 71, 11)",0.17,"RGB(123, 98, 63)",0.09,"RGB(158, 132, 103)",0.27,"RGB(222, 206, 183)",0.03,2.54%
14,L_36.jpg,"RGB(194, 186, 172)",0.07,"RGB(82, 81, 69)",0.23,"RGB(227, 165, 77)",0.06,"RGB(220, 223, 219)",0.55,"RGB(137, 129, 110)",0.09,12.73%,"RGB(161, 152, 137)",0.19,"RGB(72, 64, 41)",0.14,"RGB(6, 6, 4)",0.28,"RGB(119, 111, 93)",0.19,"RGB(201, 200, 196)",0.20,11.13%,"RGB(74, 95, 78)",0.40,"RGB(131, 124, 104)",0.19,"RGB(119, 98, 74)",0.36,"RGB(32, 28, 16)",0.02,"RGB(86, 59, 42)",0.04,6.58%,"RGB(55, 37, 2)",0.39,"RGB(151, 116, 49)",0.00,"RGB(211, 178, 111)",0.00,"RGB(67, 46, 1)",0.59,"RGB(99, 73, 22)",0.01,5.21%,"RGB(245, 190, 74)",0.48,"RGB(105, 91, 69)",0.11,"RGB(158, 136, 102)",0.23,"RGB(192, 176, 151)",0.09,"RGB(29, 21, 12)",0.10,3.65%
15,L_37.jpg,"RGB(250, 252, 252)",0.54,"RGB(61, 63, 58)",0.02,"RGB(203, 210, 201)",0.14,"RGB(166, 166, 152)",0.04,"RGB(228, 235, 234)",0.26,3.72%,"RGB(171, 156, 125)",0.27,"RGB(41, 41, 36)",0.14,"RGB(220, 216, 202)",0.21,"RGB(117, 104, 75)",0.13,"RGB(197, 187, 163)",0.25,2.01%,"RGB(41, 43, 40)",0.57,"RGB(201, 190, 166)",0.07,"RGB(83, 82, 74)",0.07,"RGB(59, 60, 56)",0.24,"RGB(145, 136, 113)",0.05,1.49%,"RGB(181, 165, 131)",0.47,"RGB(61, 63, 58)",0.13,"RGB(233, 235, 229)",0.10,"RGB(156, 139, 102)",0.22,"RGB(199, 193, 173)",0.07,0.99%,"RGB(183, 185, 174)",0.31,"RGB(76, 73, 53)",0.27,"RGB(219, 219, 208)",0.15,"RGB(171, 161, 132)",0.15,"RGB(116, 116, 89)",0.12,3.66%
16,L_39.jpg,"RGB(146, 133, 54)",0.17,"RGB(114, 126, 139)",0.09,"RGB(89, 142, 233)",0.22,"RGB(80, 98, 114)",0.43,"RGB(68, 63, 30)",0.09,12.79%,"RGB(195, 172, 138)",0.28,"RGB(189, 179, 170)",0.19,"RGB(223, 197, 149)",0.22,"RGB(159, 148, 137)",0.16,"RGB(159, 166, 180)",0.15,4.34%,"RGB(131, 120, 113)",0.37,"RGB(49, 67, 27)",0.10,"RGB(83, 97, 57)",0.12,"RGB(152, 143, 140)",0.34,"RGB(126, 58, 78)",0.07,2.66%,"RGB(54, 72, 85)",0.05,"RGB(101, 118, 132)",0.13,"RGB(73, 91, 104)",0.41,"RGB(151, 173, 191)",0.01,"RGB(84, 101, 114)",0.40,2.03%,"RGB(24, 41, 30)",0.13,"RGB(117, 121, 117)",0.21,"RGB(57, 74, 54)",0.20,"RGB(151, 148, 147)",0.26,"RGB(85, 98, 81)",0.20,0.69%
17,L_40.jpg,"RGB(218, 205, 192)",0.21,"RGB(75, 52, 33)",0.14,"RGB(157, 141, 125)",0.11,"RGB(16, 12, 10)",0.31,"RGB(106, 78, 51)",0.23,25.29%,"RGB(103, 74, 48)",0.24,"RGB(51, 29, 17)",0.31,"RGB(155, 130, 101)",0.07,"RGB(80, 52, 31)",0.28,"RGB(131, 103, 74)",0.11,15.74%,"RGB(164, 164, 164)",0.14,"RGB(197, 192, 188)",0.28,"RGB(246, 243, 237)",0.18,"RGB(130, 127, 124)",0.06,"RGB(221, 214, 207)",0.34,2.90%,"RGB(135, 106, 79)",0.31,"RGB(154, 130, 104)",0.22,"RGB(235, 214, 181)",0.02,"RGB(80, 59, 41)",0.18,"RGB(106, 80, 56)",0.27,2.12%,NaN,NaN,NaN,NaN,NaN,NaN,NaN,NaN,NaN,NaN,NaN
18,L_41.jpg,"RGB(143, 134, 122)",0.11,"RGB(73, 61, 50)",0.34,"RGB(9, 9, 9)",0.23,"RGB(101, 86, 71)",0.17,"RGB(45, 36, 27)",0.15,10.68%,"RGB(22, 33, 39)",0.15,"RGB(111, 63, 24)",0.27,"RGB(87, 87, 80)",0.01,"RGB(12, 17, 18)",0.55,"RGB(144, 116, 89)",0.02,8.48%,"RGB(69, 61, 35)",0.29,"RGB(191, 231, 232)",0.06,"RGB(98, 94, 80)",0.19,"RGB(134, 146, 141)",0.11,"RGB(34, 33, 10)",0.35,2.29%,"RGB(56, 61, 59)",0.22,"RGB(160, 128, 89)",0.14,"RGB(16, 12, 8)",0.05,"RGB(129, 94, 51)",0.49,"RGB(53, 43, 30)",0.11,1.52%,"RGB(155, 152, 134)",0.19,"RGB(32, 31, 23)",0.30,"RGB(238, 252, 249)",0.15,"RGB(136, 217, 227)",0.09,"RGB(90, 89, 78)",0.26,10.94%
19,L_42.jpg,"RGB(170, 174, 168)",0.73,"RGB(27, 22, 17)",0.03,"RGB(153, 152, 141)",0.20,"RGB(135, 110, 70)",0.03,"RGB(212, 215, 207)",0.01,33.98%,"RGB(131, 125, 114)",0.29,"RGB(13, 11, 5)",0.14,"RGB(81, 76, 65)",0.07,"RGB(119, 112, 102)",0.41,"RGB(47, 44, 33)",0.09,7.98%,"RGB(227, 229, 222)",0.43,"RGB(39, 39, 33)",0.14,"RGB(156, 149, 135)",0.14,"RGB(191, 189, 177)",0.14,"RGB(8, 7, 6)",0.14,4.10%,"RGB(165, 159, 144)",0.21,"RGB(231, 230, 220)",0.03,"RGB(119, 114, 103)",0.19,"RGB(196, 189, 170)",0.19,"RGB(144, 139, 125)",0.39,0.79%,"RGB(168, 132, 73)",0.24,"RGB(16, 9, 5)",0.16,"RGB(96, 68, 35)",0.16,"RGB(211, 174, 85)",0.13,"RGB(135, 105, 64)",0.32,1.00%
20,L_44.jpg,"RGB(6, 6, 6)",0.68,"RGB(86, 89, 100)",0.09,"RGB(138, 148, 168)",0.11,"RGB(33, 37, 54)",0.08,"RGB(213, 223, 233)",0.05,4.80%,"RGB(254, 253, 244)",0.20,"RGB(66, 48, 27)",0.30,"RGB(176, 148, 111)",0.19,"RGB(122, 98, 65)",0.19,"RGB(230, 205, 166)",0.12,2.31%,"RGB(4, 7, 32)",0.19,"RGB(21, 32, 95)",0.28,"RGB(121, 128, 163)",0.02,"RGB(14, 22, 72)",0.48,"RGB(75, 82, 115)",0.03,0.11%,"RGB(11, 12, 13)",0.24,"RGB(237, 242, 234)",0.33,"RGB(110, 124, 126)",0.13,"RGB(176, 188, 185)",0.15,"RGB(67, 70, 71)",0.14,0.04%,NaN,NaN,NaN,NaN,NaN,NaN,NaN,NaN,NaN,NaN,NaN
21,L_45.jpg,"RGB(44, 40, 32)",0.39,"RGB(230, 229, 200)",0.02,"RGB(147, 139, 114)",0.01,"RGB(60, 54, 42)",0.30,"RGB(29, 27, 22)",0.27,12.03%,"RGB(71, 69, 61)",0.41,"RGB(19, 16, 11)",0.03,"RGB(65, 62, 54)",0.25,"RGB(81, 78, 69)",0.27,"RGB(54, 49, 37)",0.04,7.63%,"RGB(191, 166, 108)",0.32,"RGB(55, 44, 26)",0.05,"RGB(132, 107, 68)",0.04,"RGB(237, 218, 163)",0.22,"RGB(215, 192, 132)",0.37,7.26%,"RGB(64, 57, 38)",0.35,"RGB(55, 49, 31)",0.30,"RGB(71, 65, 45)",0.30,"RGB(131, 124, 105)",0.00,"RGB(44, 39, 21)",0.04,1.57%,"RGB(216, 201, 162)",0.24,"RGB(125, 90, 55)",0.23,"RGB(19, 16, 11)",0.16,"RGB(171, 144, 104)",0.12,"RGB(81, 61, 35)",0.25,6.06%
22,L_46.jpg,"RGB(182, 166, 159)",0.39,"RGB(225, 230, 233)",0.09,"RGB(112, 82, 62)",0.05,"RGB(156, 142, 130)",0.22,"RGB(201, 190, 194)",0.24,38.67%,"RGB(182, 149, 157)",0.42,"RGB(137, 107, 84)",0.07,"RGB(197, 166, 174)",0.30,"RGB(93, 49, 38)",0.02,"RGB(166, 131, 137)",0.20,6.06%,"RGB(187, 72, 31)",0.26,"RGB(156, 140, 106)",0.17,"RGB(134, 44, 30)",0.15,"RGB(19, 18, 8)",0.34,"RGB(205, 195, 178)",0.09,5.28%,"RGB(123, 124, 110)",0.28,"RGB(111, 102, 85)",0.34,"RGB(138, 150, 141)",0.27,"RGB(59, 56, 43)",0.02,"RGB(163, 181, 175)",0.09,1.35%,"RGB(159, 135, 124)",0.19,"RGB(136, 58, 37)",0.11,"RGB(24, 9, 8)",0.11,"RGB(179, 160, 169)",0.39,"RGB(204, 187, 203)",0.20,1.57%
23,L_48.jpg,"RGB(203, 205, 201)",0.32,"RGB(140, 140, 134)",0.33,"RGB(111, 103, 94)",0.08,"RGB(175, 176, 171)",0.22,"RGB(73, 60, 45)",0.05,27.45%,"RGB(60, 49, 35)",0.21,"RGB(103, 94, 83)",0.33,"RGB(27, 16, 7)",0.10,"RGB(82, 69, 53)",0.31,"RGB(131, 122, 107)",0.05,0.43%,"RGB(115, 118, 116)",0.07,"RGB(177, 184, 185)",0.19,"RGB(228, 231, 228)",0.09,"RGB(145, 146, 142)",0.17,"RGB(161, 166, 164)",0.48,0.09%,"RGB(60, 51, 35)",0.37,"RGB(19, 9, 3)",0.12,"RGB(94, 85, 69)",0.16,"RGB(73, 63, 48)",0.27,"RGB(41, 31, 19)",0.08,0.06%,NaN,NaN,NaN,NaN,NaN,NaN,NaN,NaN,NaN,NaN,NaN
24,L_51.jpg,"RGB(223, 169, 147)",0.26,"RGB(123, 89, 97)",0.18,"RGB(249, 209, 182)",0.34,"RGB(40, 24, 27)",0.03,"RGB(163, 128, 136)",0.18,8.76%,"RGB(161, 134, 153)",0.32,"RGB(146, 118, 140)",0.34,"RGB(182, 154, 166)",0.24,"RGB(171, 126, 121)",0.07,"RGB(116, 84, 101)",0.03,5.66%,"RGB(220, 174, 159)",0.55,"RGB(90, 56, 60)",0.03,"RGB(244, 203, 181)",0.23,"RGB(195, 146, 133)",0.13,"RGB(132, 95, 104)",0.06,5.06%,"RGB(145, 97, 91)",0.20,"RGB(116, 74, 76)",0.33,"RGB(210, 148, 128)",0.28,"RGB(33, 28, 20)",0.01,"RGB(181, 123, 108)",0.18,2.05%,"RGB(203, 153, 134)",0.18,"RGB(19, 18, 9)",0.35,"RGB(78, 62, 48)",0.12,"RGB(42, 38, 27)",0.29,"RGB(158, 117, 99)",0.06,0.19%
25,L_52.jpg,"RGB(225, 213, 195)",0.45,"RGB(174, 155, 126)",0.11,"RGB(47, 35, 24)",0.02,"RGB(243, 232, 217)",0.35,"RGB(147, 129, 103)",0.06,6.11%,"RGB(15, 8, 6)",0.67,"RGB(112, 91, 70)",0.11,"RGB(194, 185, 176)",0.04,"RGB(53, 43, 35)",0.13,"RGB(148, 138, 126)",0.06,4.23%,"RGB(244, 233, 219)",0.44,"RGB(17, 9, 6)",0.14,"RGB(226, 214, 195)",0.23,"RGB(100, 88, 76)",0.02,"RGB(170, 153, 128)",0.18,3.57%,"RGB(201, 192, 150)",0.23,"RGB(126, 103, 42)",0.20,"RGB(240, 234, 210)",0.21,"RGB(71, 55, 14)",0.18,"RGB(163, 151, 96)",0.18,3.22%,"RGB(168, 147, 117)",0.14,"RGB(16, 7, 5)",0.41,"RGB(221, 214, 202)",0.20,"RGB(57, 44, 32)",0.14,"RGB(126, 103, 73)",0.12,12.61%
26,L_53.jpg,"RGB(242, 204, 173)",0.29,"RGB(164, 129, 104)",0.24,"RGB(61, 37, 28)",0.03,"RGB(201, 165, 142)",0.30,"RGB(122, 92, 72)",0.14,14.47%,"RGB(145, 121, 108)",0.49,"RGB(112, 95, 85)",0.19,"RGB(67, 47, 38)",0.06,"RGB(183, 159, 147)",0.12,"RGB(215, 187, 175)",0.13,4.99%,"RGB(26, 48, 25)",0.40,"RGB(115, 152, 152)",0.07,"RGB(162, 196, 203)",0.06,"RGB(63, 76, 70)",0.10,"RGB(17, 22, 15)",0.37,4.20%,"RGB(186, 118, 86)",0.14,"RGB(98, 72, 66)",0.30,"RGB(227, 187, 170)",0.17,"RGB(124, 136, 141)",0.22,"RGB(50, 25, 23)",0.17,2.97%,"RGB(187, 139, 105)",0.14,"RGB(40, 23, 18)",0.36,"RGB(161, 97, 45)",0.13,"RGB(218, 179, 158)",0.15,"RGB(65, 58, 51)",0.22,2.41%
27,L_55.jpg,"RGB(182, 180, 175)",0.27,"RGB(132, 126, 120)",0.16,"RGB(161, 157, 152)",0.26,"RGB(95, 88, 80)",0.11,"RGB(207, 205, 200)",0.21,4.32%,"RGB(183, 154, 127)",0.13,"RGB(112, 86, 66)",0.17,"RGB(148, 117, 93)",0.18,"RGB(76, 59, 47)",0.26,"RGB(51, 30, 17)",0.26,1.58%,"RGB(201, 206, 209)",0.26,"RGB(76, 68, 59)",0.18,"RGB(168, 169, 168)",0.16,"RGB(120, 114, 106)",0.13,"RGB(34, 26, 20)",0.27,1.29%,"RGB(180, 182, 168)",0.32,"RGB(118, 119, 109)",0.06,"RGB(190, 192, 179)",0.54,"RGB(54, 53, 46)",0.01,"RGB(150, 152, 141)",0.08,0.81%,"RGB(227, 229, 226)",0.14,"RGB(143, 145, 140)",0.16,"RGB(188, 193, 191)",0.34,"RGB(42, 35, 28)",0.19,"RGB(94, 91, 83)",0.17,3.12%
28,L_59.jpg,"RGB(94, 86, 84)",0.19,"RGB(191, 173, 153)",0.23,"RGB(143, 129, 118)",0.20,"RGB(217, 210, 200)",0.19,"RGB(48, 46, 49)",0.20,9.00%,"RGB(227, 223, 216)",0.29,"RGB(85, 86, 89)",0.11,"RGB(189, 186, 181)",0.15,"RGB(140, 138, 142)",0.26,"RGB(34, 34, 35)",0.19,4.40%,"RGB(239, 238, 224)",0.06,"RGB(212, 157, 107)",0.28,"RGB(109, 77, 52)",0.15,"RGB(200, 179, 156)",0.11,"RGB(169, 127, 93)",0.40,3.21%,"RGB(123, 130, 122)",0.36,"RGB(86, 90, 83)",0.14,"RGB(152, 160, 153)",0.12,"RGB(59, 63, 58)",0.13,"RGB(109, 114, 107)",0.24,2.27%,"RGB(78, 72, 55)",0.37,"RGB(174, 158, 138)",0.13,"RGB(46, 43, 30)",0.25,"RGB(201, 201, 198)",0.10,"RGB(131, 113, 87)",0.15,3.01%
29,L_60.jpg,"RGB(225, 214, 205)",0.46,"RGB(118, 102, 81)",0.13,"RGB(209, 189, 170)",0.20,"RGB(172, 171, 156)",0.19,"RGB(42, 37, 29)",0.02,14.66%,"RGB(53, 43, 33)",0.37,"RGB(209, 186, 161)",0.28,"RGB(130, 126, 107)",0.16,"RGB(93, 80, 61)",0.12,"RGB(230, 218, 206)",0.07,6.22%,"RGB(73, 44, 41)",0.25,"RGB(116, 91, 78)",0.24,"RGB(167, 133, 114)",0.20,"RGB(221, 204, 184)",0.13,"RGB(26, 23, 15)",0.18,2.83%,"RGB(169, 175, 176)",0.40,"RGB(121, 122, 117)",0.14,"RGB(66, 65, 65)",0.01,"RGB(155, 160, 162)",0.23,"RGB(134, 138, 138)",0.23,2.55%,"RGB(136, 124, 110)",0.15,"RGB(217, 198, 182)",0.19,"RGB(43, 40, 34)",0.18,"RGB(105, 92, 76)",0.29,"RGB(175, 172, 155)",0.19,19.87%
30,L_62.jpg,"RGB(230, 188, 152)",0.47,"RGB(57, 49, 41)",0.05,"RGB(254, 253, 251)",0.04,"RGB(145, 133, 125)",0.07,"RGB(204, 166, 133)",0.37,24.63%,"RGB(146, 148, 135)",0.19,"RGB(60, 60, 58)",0.18,"RGB(118, 121, 112)",0.21,"RGB(16, 13, 13)",0.09,"RGB(85, 89, 86)",0.32,3.36%,"RGB(175, 176, 172)",0.26,"RGB(95, 99, 109)",0.14,"RGB(196, 202, 210)",0.30,"RGB(27, 17, 18)",0.05,"RGB(147, 149, 151)",0.24,3.12%,"RGB(52, 47, 48)",0.20,"RGB(168, 181, 188)",0.23,"RGB(118, 135, 152)",0.19,"RGB(12, 11, 12)",0.22,"RGB(85, 89, 95)",0.16,2.95%,"RGB(149, 152, 153)",0.31,"RGB(25, 23, 23)",0.27,"RGB(210, 187, 171)",0.18,"RGB(251, 249, 247)",0.05,"RGB(94, 90, 87)",0.19,11.65%
31,L_65.jpg,"RGB(24, 10, 4)",0.25,"RGB(214, 186, 183)",0.19,"RGB(124, 88, 82)",0.16,"RGB(66, 37, 29)",0.13,"RGB(173, 146, 135)",0.27,14.03%,"RGB(252, 219, 213)",0.27,"RGB(112, 87, 84)",0.03,"RGB(254, 236, 232)",0.18,"RGB(240, 204, 205)",0.51,"RGB(50, 24, 24)",0.01,1.05%,"RGB(118, 93, 77)",0.01,"RGB(10, 7, 2)",0.91,"RGB(70, 50, 35)",0.02,"RGB(218, 210, 195)",0.00,"RGB(33, 21, 11)",0.07,1.04%,"RGB(40, 25, 20)",0.01,"RGB(12, 7, 4)",0.41,"RGB(69, 49, 44)",0.01,"RGB(16, 12, 7)",0.28,"RGB(7, 5, 1)",0.29,0.92%,"RGB(24, 11, 6)",0.25,"RGB(140, 85, 73)",0.16,"RGB(235, 206, 193)",0.12,"RGB(70, 37, 26)",0.29,"RGB(189, 146, 123)",0.19,10.01%
32,L_67.jpg,"RGB(6, 5, 6)",0.17,"RGB(168, 161, 149)",0.13,"RGB(110, 81, 57)",0.20,"RGB(212, 204, 192)",0.26,"RGB(137, 123, 100)",0.24,10.46%,"RGB(144, 127, 104)",0.12,"RGB(92, 78, 60)",0.15,"RGB(131, 114, 88)",0.39,"RGB(13, 7, 6)",0.03,"RGB(117, 100, 77)",0.31,7.67%,"RGB(168, 97, 5)",0.31,"RGB(35, 25, 20)",0.11,"RGB(221, 194, 150)",0.02,"RGB(133, 66, 4)",0.51,"RGB(144, 115, 85)",0.04,5.72%,"RGB(218, 220, 219)",0.44,"RGB(5, 5, 11)",0.36,"RGB(90, 148, 193)",0.05,"RGB(97, 93, 86)",0.12,"RGB(142, 141, 143)",0.03,5.10%,"RGB(8, 7, 7)",0.28,"RGB(174, 193, 201)",0.06,"RGB(188, 158, 87)",0.09,"RGB(42, 46, 42)",0.38,"RGB(149, 88, 17)",0.19,9.28%
33,L_68.jpg,"RGB(115, 104, 98)",0.25,"RGB(203, 213, 220)",0.29,"RGB(177, 174, 176)",0.13,"RGB(147, 136, 123)",0.21,"RGB(57, 45, 42)",0.12,49.79%,"RGB(118, 108, 122)",0.36,"RGB(194, 194, 216)",0.10,"RGB(52, 44, 43)",0.08,"RGB(137, 130, 149)",0.27,"RGB(165, 159, 189)",0.19,14.71%,"RGB(181, 184, 210)",0.23,"RGB(110, 101, 115)",0.19,"RGB(154, 154, 177)",0.14,"RGB(207, 212, 233)",0.24,"RGB(127, 122, 139)",0.20,13.36%,"RGB(39, 44, 44)",0.05,"RGB(105, 67, 56)",0.00,"RGB(62, 67, 67)",0.03,"RGB(151, 106, 96)",0.02,"RGB(21, 22, 21)",0.90,1.34%,"RGB(53, 34, 42)",0.39,"RGB(217, 229, 235)",0.29,"RGB(144, 137, 124)",0.05,"RGB(184, 188, 181)",0.08,"RGB(100, 44, 49)",0.18,1.59%
34,L_71.jpg,"RGB(217, 189, 143)",0.25,"RGB(76, 55, 44)",0.20,"RGB(177, 137, 96)",0.19,"RGB(237, 225, 197)",0.15,"RGB(129, 95, 67)",0.20,16.42%,"RGB(240, 214, 175)",0.23,"RGB(214, 184, 149)",0.32,"RGB(251, 247, 215)",0.14,"RGB(131, 85, 57)",0.03,"RGB(194, 160, 125)",0.27,12.61%,"RGB(79, 60, 46)",0.24,"RGB(19, 11, 9)",0.12,"RGB(203, 177, 146)",0.02,"RGB(63, 45, 34)",0.58,"RGB(130, 101, 73)",0.05,2.45%,"RGB(4, 4, 5)",0.85,"RGB(108, 102, 104)",0.03,"RGB(57, 58, 66)",0.04,"RGB(170, 161, 151)",0.01,"RGB(27, 26, 32)",0.06,0.69%,"RGB(28, 19, 11)",0.32,"RGB(110, 78, 52)",0.24,"RGB(225, 196, 158)",0.04,"RGB(166, 128, 91)",0.08,"RGB(66, 47, 29)",0.32,0.76%
35,L_72.jpg,"RGB(83, 80, 74)",0.27,"RGB(193, 190, 185)",0.38,"RGB(134, 129, 122)",0.12,"RGB(42, 35, 28)",0.08,"RGB(217, 214, 210)",0.14,18.08%,"RGB(133, 128, 119)",0.16,"RGB(75, 73, 68)",0.45,"RGB(185, 177, 163)",0.06,"RGB(44, 37, 29)",0.07,"RGB(98, 95, 88)",0.26,6.30%,"RGB(250, 247, 240)",0.09,"RGB(13, 13, 12)",0.69,"RGB(130, 128, 123)",0.05,"RGB(187, 187, 183)",0.05,"RGB(50, 47, 43)",0.12,1.87%,"RGB(190, 169, 166)",0.27,"RGB(66, 58, 47)",0.08,"RGB(222, 222, 224)",0.18,"RGB(202, 191, 191)",0.43,"RGB(130, 124, 118)",0.04,1.22%,"RGB(172, 182, 178)",0.30,"RGB(78, 75, 67)",0.20,"RGB(37, 34, 25)",0.21,"RGB(129, 127, 120)",0.13,"RGB(199, 209, 207)",0.16,1.94%
36,L_75.jpg,"RGB(13, 6, 3)",0.20,"RGB(67, 54, 49)",0.02,"RGB(23, 10, 7)",0.23,"RGB(4, 3, 2)",0.47,"RGB(35, 18, 13)",0.09,2.67%,"RGB(208, 196, 158)",0.20,"RGB(95, 85, 64)",0.49,"RGB(33, 25, 11)",0.04,"RGB(179, 166, 132)",0.19,"RGB(57, 49, 31)",0.08,2.15%,"RGB(50, 43, 24)",0.20,"RGB(176, 161, 123)",0.26,"RGB(90, 82, 61)",0.17,"RGB(118, 109, 83)",0.13,"RGB(67, 61, 41)",0.25,1.78%,"RGB(98, 87, 68)",0.25,"RGB(37, 32, 11)",0.23,"RGB(161, 142, 125)",0.13,"RGB(65, 59, 37)",0.21,"RGB(142, 114, 89)",0.18,1.73%,"RGB(192, 177, 143)",0.25,"RGB(88, 75, 58)",0.20,"RGB(140, 124, 103)",0.20,"RGB(242, 178, 75)",0.18,"RGB(35, 25, 17)",0.16,4.21%
37,L_77.jpg,"RGB(209, 210, 210)",0.15,"RGB(193, 195, 196)",0.34,"RGB(200, 202, 201)",0.39,"RGB(129, 130, 133)",0.00,"RGB(219, 220, 218)",0.11,11.60%,"RGB(74, 78, 82)",0.28,"RGB(16, 18, 22)",0.15,"RGB(113, 119, 124)",0.05,"RGB(55, 58, 62)",0.27,"RGB(33, 36, 40)",0.25,6.23%,"RGB(186, 191, 192)",0.34,"RGB(206, 211, 214)",0.15,"RGB(155, 158, 159)",0.02,"RGB(195, 200, 201)",0.46,"RGB(220, 226, 230)",0.04,3.65%,"RGB(183, 191, 195)",0.29,"RGB(223, 231, 236)",0.22,"RGB(168, 177, 181)",0.27,"RGB(103, 108, 111)",0.02,"RGB(199, 208, 213)",0.20,3.36%,"RGB(228, 237, 240)",0.21,"RGB(132, 76, 63)",0.13,"RGB(139, 140, 140)",0.17,"RGB(197, 206, 210)",0.34,"RGB(174, 181, 185)",0.15,0.19%
38,L_78.jpg,"RGB(139, 117, 96)",0.30,"RGB(57, 44, 32)",0.19,"RGB(244, 238, 230)",0.03,"RGB(177, 153, 127)",0.23,"RGB(100, 82, 63)",0.24,17.97%,"RGB(34, 25, 13)",0.26,"RGB(89, 75, 59)",0.23,"RGB(60, 47, 32)",0.28,"RGB(128, 111, 94)",0.03,"RGB(13, 8, 3)",0.20,5.26%,"RGB(92, 79, 69)",0.60,"RGB(187, 171, 162)",0.07,"RGB(125, 109, 99)",0.16,"RGB(66, 52, 41)",0.08,"RGB(242, 233, 230)",0.10,3.69%,"RGB(58, 46, 33)",0.35,"RGB(15, 7, 4)",0.30,"RGB(218, 210, 211)",0.00,"RGB(86, 72, 58)",0.14,"RGB(33, 24, 17)",0.21,1.18%,"RGB(94, 79, 60)",0.35,"RGB(125, 107, 87)",0.20,"RGB(65, 53, 34)",0.21,"RGB(28, 21, 8)",0.12,"RGB(157, 140, 121)",0.12,2.26%
39,L_79.jpg,"RGB(94, 75, 71)",0.11,"RGB(46, 28, 30)",0.40,"RGB(137, 116, 111)",0.11,"RGB(65, 51, 46)",0.27,"RGB(120, 101, 94)",0.12,6.08%,"RGB(21, 12, 12)",0.09,"RGB(3, 1, 1)",0.51,"RGB(101, 79, 66)",0.05,"RGB(63, 56, 47)",0.20,"RGB(52, 37, 32)",0.15,1.05%,"RGB(74, 66, 75)",0.21,"RGB(94, 132, 208)",0.08,"RGB(9, 11, 20)",0.35,"RGB(35, 32, 48)",0.28,"RGB(80, 98, 139)",0.08,0.98%,"RGB(15, 12, 12)",0.47,"RGB(120, 110, 105)",0.10,"RGB(178, 173, 168)",0.06,"RGB(76, 68, 66)",0.13,"RGB(39, 35, 32)",0.24,0.88%,"RGB(104, 81, 71)",0.23,"RGB(221, 228, 205)",0.11,"RGB(12, 8, 6)",0.28,"RGB(145, 120, 109)",0.12,"RGB(66, 49, 40)",0.26,5.14%
40,L_80.jpg,"RGB(81, 77, 62)",0.21,"RGB(144, 138, 124)",0.22,"RGB(36, 35, 21)",0.17,"RGB(188, 180, 161)",0.08,"RGB(115, 108, 94)",0.33,6.20%,"RGB(47, 43, 32)",0.60,"RGB(215, 208, 188)",0.18,"RGB(120, 113, 98)",0.05,"RGB(81, 74, 62)",0.11,"RGB(181, 173, 156)",0.06,3.49%,"RGB(146, 140, 127)",0.16,"RGB(72, 64, 53)",0.27,"RGB(195, 191, 179)",0.04,"RGB(98, 91, 79)",0.31,"RGB(49, 41, 30)",0.22,1.74%,"RGB(254, 254, 252)",0.59,"RGB(225, 225, 213)",0.11,"RGB(202, 197, 180)",0.02,"RGB(241, 242, 238)",0.12,"RGB(232, 232, 225)",0.15,1.03%,"RGB(191, 181, 162)",0.11,"RGB(48, 42, 29)",0.18,"RGB(116, 107, 93)",0.27,"RGB(86, 78, 64)",0.25,"RGB(151, 143, 127)",0.18,2.74%
41,L_82.jpg,"RGB(247, 234, 207)",0.64,"RGB(59, 35, 20)",0.04,"RGB(226, 210, 190)",0.29,"RGB(173, 153, 132)",0.01,"RGB(21, 5, 1)",0.01,1.03%,"RGB(154, 134, 116)",0.55,"RGB(35, 19, 11)",0.07,"RGB(218, 197, 175)",0.13,"RGB(83, 65, 52)",0.11,"RGB(122, 102, 84)",0.15,0.91%,"RGB(110, 91, 75)",0.24,"RGB(140, 121, 103)",0.43,"RGB(233, 214, 191)",0.05,"RGB(46, 31, 21)",0.09,"RGB(199, 176, 153)",0.19,0.84%,"RGB(109, 95, 79)",0.43,"RGB(71, 60, 45)",0.15,"RGB(140, 126, 111)",0.24,"RGB(198, 188, 172)",0.11,"RGB(20, 15, 10)",0.08,0.77%,"RGB(236, 219, 196)",0.29,"RGB(101, 78, 56)",0.22,"RGB(194, 176, 153)",0.13,"RGB(134, 114, 94)",0.21,"RGB(36, 21, 12)",0.15,3.23%
42,L_85.jpg,"RGB(147, 119, 95)",0.18,"RGB(80, 66, 60)",0.30,"RGB(112, 91, 77)",0.18,"RGB(172, 150, 132)",0.20,"RGB(41, 32, 29)",0.14,14.02%,"RGB(56, 30, 18)",0.50,"RGB(118, 99, 84)",0.08,"RGB(163, 141, 120)",0.12,"RGB(69, 45, 33)",0.20,"RGB(26, 20, 22)",0.10,4.36%,"RGB(176, 136, 91)",0.14,"RGB(72, 48, 32)",0.24,"RGB(120, 83, 51)",0.17,"RGB(154, 111, 69)",0.39,"RGB(31, 21, 13)",0.07,1.81%,"RGB(36, 30, 25)",0.22,"RGB(106, 93, 82)",0.15,"RGB(158, 140, 122)",0.21,"RGB(68, 58, 51)",0.21,"RGB(137, 120, 106)",0.21,1.46%,"RGB(15, 11, 11)",0.14,"RGB(171, 152, 129)",0.18,"RGB(101, 88, 78)",0.33,"RGB(46, 34, 28)",0.12,"RGB(82, 69, 60)",0.24,0.73%
43,L_90.jpg,"RGB(39, 13, 17)",0.21,"RGB(57, 49, 87)",0.06,"RGB(27, 16, 34)",0.20,"RGB(20, 7, 10)",0.51,"RGB(93, 62, 67)",0.02,13.48%,"RGB(25, 13, 19)",0.24,"RGB(67, 63, 102)",0.03,"RGB(41, 25, 38)",0.16,"RGB(8, 5, 7)",0.39,"RGB(55, 40, 61)",0.19,7.52%,"RGB(206, 121, 120)",0.11,"RGB(59, 50, 62)",0.17,"RGB(123, 188, 239)",0.18,"RGB(16, 126, 213)",0.19,"RGB(232, 226, 226)",0.34,5.22%,"RGB(42, 25, 41)",0.16,"RGB(6, 4, 9)",0.46,"RGB(221, 228, 237)",0.00,"RGB(59, 43, 67)",0.08,"RGB(18, 13, 30)",0.31,3.42%,"RGB(49, 44, 69)",0.14,"RGB(11, 8, 12)",0.52,"RGB(67, 78, 126)",0.06,"RGB(139, 51, 40)",0.03,"RGB(28, 21, 32)",0.25,9.68%
44,L_92.jpg,"RGB(179, 162, 163)",0.24,"RGB(73, 65, 61)",0.07,"RGB(181, 200, 216)",0.35,"RGB(125, 114, 106)",0.13,"RGB(132, 151, 160)",0.21,21.55%,"RGB(149, 121, 106)",0.28,"RGB(166, 200, 214)",0.13,"RGB(43, 45, 40)",0.24,"RGB(152, 150, 148)",0.25,"RGB(124, 77, 63)",0.11,8.34%,"RGB(124, 160, 180)",0.04,"RGB(186, 159, 160)",0.36,"RGB(146, 127, 126)",0.09,"RGB(190, 192, 207)",0.46,"RGB(84, 75, 77)",0.05,6.20%,"RGB(141, 120, 105)",0.33,"RGB(155, 165, 170)",0.16,"RGB(63, 62, 54)",0.03,"RGB(169, 204, 218)",0.09,"RGB(150, 142, 137)",0.39,3.75%,"RGB(49, 45, 42)",0.11,"RGB(173, 198, 211)",0.13,"RGB(146, 157, 161)",0.41,"RGB(113, 93, 74)",0.13,"RGB(141, 130, 119)",0.22,7.75%
45,L_93.jpg,"RGB(239, 229, 214)",0.47,"RGB(146, 131, 116)",0.04,"RGB(249, 240, 223)",0.26,"RGB(85, 15, 16)",0.03,"RGB(228, 216, 197)",0.20,17.27%,"RGB(73, 62, 64)",0.14,"RGB(207, 192, 191)",0.27,"RGB(133, 112, 115)",0.28,"RGB(249, 246, 246)",0.13,"RGB(168, 147, 149)",0.18,6.37%,"RGB(117, 108, 96)",0.71,"RGB(218, 224, 228)",0.15,"RGB(185, 183, 176)",0.05,"RGB(35, 30, 25)",0.02,"RGB(146, 143, 136)",0.08,4.40%,"RGB(183, 168, 154)",0.36,"RGB(212, 209, 200)",0.11,"RGB(229, 228, 221)",0.05,"RGB(172, 159, 144)",0.23,"RGB(193, 180, 166)",0.25,2.27%,"RGB(198, 194, 184)",0.32,"RGB(95, 9, 12)",0.18,"RGB(125, 115, 114)",0.08,"RGB(171, 164, 152)",0.25,"RGB(224, 225, 220)",0.17,2.87%
46,L_95.jpg,"RGB(236, 201, 173)",0.34,"RGB(146, 87, 52)",0.13,"RGB(247, 234, 225)",0.07,"RGB(221, 184, 153)",0.39,"RGB(200, 157, 118)",0.07,11.85%,"RGB(128, 86, 58)",0.34,"RGB(246, 211, 109)",0.05,"RGB(171, 124, 83)",0.25,"RGB(69, 40, 27)",0.30,"RGB(216, 206, 200)",0.06,7.83%,"RGB(99, 55, 37)",0.42,"RGB(49, 18, 11)",0.11,"RGB(196, 150, 90)",0.05,"RGB(136, 90, 53)",0.16,"RGB(76, 35, 26)",0.26,2.92%,"RGB(219, 151, 79)",0.30,"RGB(118, 65, 41)",0.11,"RGB(190, 125, 63)",0.41,"RGB(89, 38, 20)",0.09,"RGB(150, 97, 63)",0.09,1.81%,"RGB(216, 213, 204)",0.20,"RGB(125, 80, 58)",0.24,"RGB(174, 150, 127)",0.21,"RGB(60, 33, 23)",0.07,"RGB(165, 112, 76)",0.28,6.51%
47,L_96.jpg,"RGB(132, 116, 104)",0.20,"RGB(73, 61, 52)",0.29,"RGB(172, 154, 140)",0.10,"RGB(99, 85, 75)",0.22,"RGB(45, 36, 27)",0.20,48.74%,"RGB(167, 149, 135)",0.20,"RGB(110, 92, 77)",0.12,"RGB(192, 174, 160)",0.23,"RGB(142, 122, 106)",0.31,"RGB(85, 68, 54)",0.13,1.59%,NaN,NaN,NaN,NaN,NaN,NaN,NaN,NaN,NaN,NaN,NaN,NaN,NaN,NaN,NaN,NaN,NaN,NaN,NaN,NaN,NaN,NaN,NaN,NaN,NaN,NaN,NaN,NaN,NaN,NaN,NaN,NaN,NaN
48,L_97.jpg,"RGB(31, 22, 17)",0.09,"RGB(184, 175, 165)",0.25,"RGB(86, 77, 68)",0.27,"RGB(134, 125, 116)",0.15,"RGB(59, 51, 42)",0.24,7.72%,"RGB(229, 225, 223)",0.39,"RGB(162, 152, 143)",0.33,"RGB(113, 104, 95)",0.05,"RGB(28, 20, 14)",0.04,"RGB(197, 195, 193)",0.19,3.07%,"RGB(161, 150, 137)",0.42,"RGB(100, 89, 76)",0.07,"RGB(134, 122, 109)",0.16,"RGB(150, 139, 125)",0.31,"RGB(66, 56, 43)",0.04,1.45%,"RGB(47, 38, 30)",0.17,"RGB(158, 154, 152)",0.17,"RGB(118, 112, 106)",0.24,"RGB(198, 196, 196)",0.11,"RGB(91, 79, 66)",0.32,0.97%,"RGB(71, 69, 47)",0.31,"RGB(151, 146, 118)",0.19,"RGB(111, 104, 79)",0.19,"RGB(187, 186, 159)",0.10,"RGB(44, 38, 29)",0.21,1.56%
49,L_98.jpg,"RGB(142, 126, 97)",0.26,"RGB(94, 76, 48)",0.22,"RGB(21, 13, 5)",0.02,"RGB(173, 164, 141)",0.08,"RGB(117, 98, 70)",0.42,4.81%,"RGB(130, 114, 85)",0.18,"RGB(74, 62, 41)",0.24,"RGB(190, 180, 155)",0.04,"RGB(102, 86, 58)",0.41,"RGB(44, 32, 14)",0.13,3.96%,"RGB(122, 108, 79)",0.14,"RGB(227, 226, 207)",0.11,"RGB(86, 70, 42)",0.44,"RGB(161, 159, 146)",0.08,"RGB(54, 43, 23)",0.23,2.81%,"RGB(149, 147, 130)",0.05,"RGB(86, 72, 45)",0.47,"RGB(42, 33, 17)",0.18,"RGB(195, 195, 179)",0.05,"RGB(114, 100, 74)",0.25,2.39%,"RGB(155, 151, 133)",0.15,"RGB(45, 39, 23)",0.12,"RGB(227, 190, 80)",0.09,"RGB(227, 217, 189)",0.30,"RGB(91, 79, 52)",0.34,4.51%
50,L_99.jpg,"RGB(183, 188, 200)",0.17,"RGB(151, 149, 142)",0.25,"RGB(167, 169, 169)",0.19,"RGB(133, 129, 120)",0.25,"RGB(113, 108, 98)",0.14,27.85%,"RGB(136, 123, 111)",0.30,"RGB(162, 152, 138)",0.13,"RGB(118, 104, 92)",0.04,"RGB(144, 133, 120)",0.49,"RGB(185, 177, 161)",0.04,11.66%,"RGB(23, 33, 16)",0.30,"RGB(147, 171, 147)",0.17,"RGB(51, 62, 41)",0.29,"RGB(193, 227, 207)",0.13,"RGB(97, 105, 88)",0.11,0.83%,"RGB(157, 149, 139)",0.45,"RGB(111, 61, 60)",0.16,"RGB(61, 43, 45)",0.11,"RGB(188, 174, 167)",0.07,"RGB(125, 105, 97)",0.20,0.51%,NaN,NaN,NaN,NaN,NaN,NaN,NaN,NaN,NaN,NaN,NaN
51,L_102.jpg,"RGB(182, 206, 221)",0.32,"RGB(139, 130, 124)",0.09,"RGB(150, 155, 158)",0.11,"RGB(150, 167, 176)",0.29,"RGB(169, 188, 201)",0.18,5.39%,"RGB(198, 161, 138)",0.33,"RGB(115, 90, 79)",0.11,"RGB(165, 128, 109)",0.13,"RGB(193, 183, 180)",0.26,"RGB(156, 143, 137)",0.16,4.57%,"RGB(112, 94, 83)",0.28,"RGB(97, 67, 50)",0.24,"RGB(179, 148, 130)",0.01,"RGB(126, 85, 63)",0.28,"RGB(139, 107, 82)",0.20,4.36%,"RGB(113, 90, 74)",0.10,"RGB(147, 155, 157)",0.36,"RGB(165, 174, 178)",0.22,"RGB(132, 119, 108)",0.12,"RGB(139, 141, 138)",0.21,3.63%,"RGB(166, 152, 142)",0.37,"RGB(23, 20, 18)",0.12,"RGB(81, 73, 64)",0.06,"RGB(168, 174, 180)",0.20,"RGB(135, 132, 127)",0.25,3.09%
52,L_105.jpg,"RGB(177, 173, 168)",0.30,"RGB(100, 89, 75)",0.08,"RGB(150, 140, 126)",0.32,"RGB(16, 14, 12)",0.02,"RGB(212, 213, 213)",0.28,16.37%,"RGB(10, 11, 14)",0.58,"RGB(245, 245, 241)",0.03,"RGB(43, 44, 46)",0.35,"RGB(215, 214, 208)",0.02,"RGB(131, 130, 126)",0.01,8.86%,"RGB(206, 199, 193)",0.22,"RGB(103, 91, 67)",0.27,"RGB(38, 37, 21)",0.19,"RGB(190, 138, 5)",0.12,"RGB(152, 140, 126)",0.19,7.33%,"RGB(55, 49, 42)",0.31,"RGB(190, 188, 189)",0.24,"RGB(138, 133, 129)",0.14,"RGB(91, 85, 78)",0.21,"RGB(217, 218, 223)",0.10,6.74%,"RGB(77, 72, 53)",0.19,"RGB(186, 184, 181)",0.23,"RGB(151, 130, 85)",0.20,"RGB(13, 13, 9)",0.21,"RGB(226, 228, 227)",0.18,14.19%
53,L_106.jpg,"RGB(163, 152, 129)",0.16,"RGB(197, 189, 172)",0.32,"RGB(225, 216, 204)",0.14,"RGB(114, 103, 78)",0.02,"RGB(180, 172, 153)",0.36,22.09%,"RGB(167, 170, 162)",0.21,"RGB(94, 82, 63)",0.08,"RGB(75, 18, 8)",0.13,"RGB(133, 127, 108)",0.37,"RGB(205, 213, 210)",0.21,6.04%,"RGB(132, 140, 120)",0.23,"RGB(41, 53, 20)",0.18,"RGB(205, 226, 219)",0.16,"RGB(81, 93, 59)",0.21,"RGB(169, 184, 169)",0.22,1.91%,"RGB(173, 184, 164)",0.24,"RGB(41, 53, 21)",0.18,"RGB(81, 94, 59)",0.22,"RGB(210, 228, 220)",0.16,"RGB(136, 142, 118)",0.20,0.87%,"RGB(175, 194, 184)",0.22,"RGB(53, 67, 36)",0.15,"RGB(104, 116, 87)",0.15,"RGB(206, 230, 220)",0.18,"RGB(162, 159, 132)",0.30,0.47%
54,L_107.jpg,"RGB(157, 164, 162)",0.36,"RGB(197, 207, 210)",0.13,"RGB(175, 183, 187)",0.31,"RGB(143, 147, 140)",0.17,"RGB(101, 103, 94)",0.03,7.33%,"RGB(154, 149, 133)",0.51,"RGB(125, 123, 104)",0.31,"RGB(205, 206, 202)",0.01,"RGB(163, 166, 159)",0.11,"RGB(97, 94, 75)",0.05,0.52%,"RGB(173, 180, 185)",0.49,"RGB(136, 138, 133)",0.30,"RGB(156, 160, 160)",0.16,"RGB(61, 54, 50)",0.02,"RGB(106, 100, 95)",0.03,0.45%,"RGB(134, 136, 124)",0.26,"RGB(109, 109, 94)",0.14,"RGB(148, 151, 144)",0.13,"RGB(167, 172, 167)",0.11,"RGB(122, 123, 108)",0.35,0.20%,"RGB(47, 33, 35)",0.09,"RGB(123, 120, 113)",0.25,"RGB(174, 177, 176)",0.18,"RGB(90, 79, 77)",0.18,"RGB(147, 150, 144)",0.30,0.43%
55,L_109.jpg,"RGB(130, 115, 100)",0.26,"RGB(113, 96, 78)",0.29,"RGB(87, 73, 57)",0.32,"RGB(162, 161, 164)",0.05,"RGB(56, 42, 27)",0.07,15.51%,"RGB(78, 78, 47)",0.14,"RGB(148, 137, 121)",0.40,"RGB(117, 107, 86)",0.19,"RGB(47, 39, 18)",0.14,"RGB(160, 166, 156)",0.12,7.67%,"RGB(137, 136, 131)",0.25,"RGB(59, 57, 24)",0.17,"RGB(112, 109, 89)",0.13,"RGB(163, 166, 170)",0.20,"RGB(89, 87, 48)",0.25,5.82%,"RGB(233, 241, 244)",0.01,"RGB(147, 135, 104)",0.21,"RGB(185, 181, 160)",0.42,"RGB(85, 78, 69)",0.13,"RGB(168, 161, 133)",0.24,4.57%,"RGB(136, 139, 141)",0.22,"RGB(62, 35, 26)",0.44,"RGB(101, 91, 82)",0.10,"RGB(160, 166, 178)",0.07,"RGB(119, 117, 114)",0.17,5.84%
56,L_110.jpg,"RGB(123, 118, 105)",0.05,"RGB(222, 226, 227)",0.43,"RGB(203, 203, 200)",0.31,"RGB(55, 50, 30)",0.01,"RGB(174, 171, 163)",0.21,17.57%,"RGB(148, 139, 116)",0.18,"RGB(223, 225, 225)",0.11,"RGB(177, 170, 151)",0.30,"RGB(75, 63, 46)",0.05,"RGB(201, 195, 182)",0.36,8.42%,"RGB(209, 208, 197)",0.19,"RGB(23, 30, 5)",0.38,"RGB(154, 152, 139)",0.13,"RGB(106, 104, 88)",0.08,"RGB(53, 59, 28)",0.22,1.55%,"RGB(103, 44, 4)",0.60,"RGB(179, 161, 151)",0.02,"RGB(38, 9, 4)",0.11,"RGB(112, 84, 71)",0.03,"RGB(72, 25, 5)",0.25,1.54%,"RGB(217, 203, 180)",0.12,"RGB(45, 44, 38)",0.12,"RGB(145, 129, 101)",0.19,"RGB(176, 162, 135)",0.37,"RGB(111, 95, 69)",0.20,1.44%
57,L_111.jpg,"RGB(142, 139, 136)",0.29,"RGB(67, 72, 71)",0.04,"RGB(24, 25, 24)",0.03,"RGB(171, 157, 147)",0.36,"RGB(111, 117, 118)",0.29,8.47%,"RGB(115, 116, 115)",0.20,"RGB(148, 141, 136)",0.21,"RGB(176, 161, 151)",0.36,"RGB(74, 79, 79)",0.15,"RGB(213, 194, 182)",0.08,7.58%,"RGB(83, 86, 86)",0.34,"RGB(128, 136, 139)",0.15,"RGB(94, 99, 102)",0.20,"RGB(43, 45, 46)",0.04,"RGB(69, 72, 72)",0.27,5.00%,"RGB(154, 143, 135)",0.21,"RGB(117, 114, 109)",0.16,"RGB(218, 195, 182)",0.11,"RGB(179, 163, 154)",0.38,"RGB(80, 85, 84)",0.14,4.61%,"RGB(112, 112, 109)",0.14,"RGB(42, 44, 46)",0.26,"RGB(218, 196, 181)",0.15,"RGB(161, 155, 150)",0.21,"RGB(16, 17, 20)",0.24,1.82%
58,L_115.jpg,"RGB(225, 193, 136)",0.78,"RGB(193, 146, 20)",0.09,"RGB(188, 178, 187)",0.03,"RGB(191, 157, 105)",0.07,"RGB(235, 191, 71)",0.04,8.97%,"RGB(233, 208, 159)",0.28,"RGB(89, 126, 179)",0.06,"RGB(192, 185, 186)",0.22,"RGB(60, 71, 74)",0.03,"RGB(217, 188, 136)",0.41,7.62%,"RGB(192, 158, 109)",0.05,"RGB(237, 206, 149)",0.12,"RGB(198, 154, 47)",0.01,"RGB(223, 191, 135)",0.59,"RGB(214, 180, 124)",0.24,6.25%,"RGB(228, 196, 138)",0.40,"RGB(207, 171, 120)",0.18,"RGB(218, 185, 130)",0.21,"RGB(246, 217, 157)",0.10,"RGB(193, 158, 109)",0.11,4.03%,"RGB(195, 182, 166)",0.16,"RGB(182, 150, 103)",0.19,"RGB(229, 200, 140)",0.40,"RGB(114, 136, 178)",0.13,"RGB(86, 101, 113)",0.12,6.69%
59,L_117.jpg,"RGB(56, 30, 18)",0.30,"RGB(30, 17, 8)",0.17,"RGB(44, 24, 12)",0.20,"RGB(17, 9, 4)",0.16,"RGB(66, 38, 25)",0.17,3.47%,"RGB(82, 47, 29)",0.17,"RGB(28, 13, 8)",0.57,"RGB(175, 131, 96)",0.10,"RGB(213, 180, 152)",0.05,"RGB(127, 87, 60)",0.11,2.82%,"RGB(44, 23, 13)",0.23,"RGB(99, 59, 37)",0.10,"RGB(74, 40, 24)",0.18,"RGB(164, 117, 76)",0.02,"RGB(18, 8, 5)",0.46,2.07%,"RGB(80, 47, 29)",0.09,"RGB(10, 5, 3)",0.53,"RGB(29, 15, 10)",0.21,"RGB(198, 164, 136)",0.00,"RGB(58, 31, 18)",0.17,1.95%,"RGB(151, 106, 70)",0.08,"RGB(54, 30, 18)",0.29,"RGB(93, 58, 36)",0.12,"RGB(193, 150, 110)",0.05,"RGB(19, 9, 6)",0.46,10.56%
60,L_118.jpg,"RGB(233, 217, 188)",0.38,"RGB(141, 78, 40)",0.29,"RGB(251, 246, 231)",0.13,"RGB(210, 138, 63)",0.16,"RGB(46, 30, 18)",0.05,4.34%,"RGB(29, 26, 15)",0.45,"RGB(78, 62, 36)",0.22,"RGB(47, 41, 24)",0.20,"RGB(119, 99, 61)",0.10,"RGB(158, 137, 91)",0.04,3.15%,"RGB(59, 42, 23)",0.19,"RGB(209, 129, 59)",0.55,"RGB(118, 73, 46)",0.06,"RGB(201, 163, 116)",0.10,"RGB(165, 121, 81)",0.10,2.86%,"RGB(178, 110, 39)",0.12,"RGB(149, 76, 22)",0.58,"RGB(237, 211, 172)",0.03,"RGB(87, 42, 18)",0.18,"RGB(214, 176, 52)",0.08,2.83%,"RGB(228, 220, 202)",0.27,"RGB(114, 69, 39)",0.23,"RGB(203, 174, 119)",0.15,"RGB(39, 29, 19)",0.21,"RGB(171, 110, 57)",0.14,16.68%
61,L_120.jpg,"RGB(21, 22, 33)",0.34,"RGB(125, 112, 105)",0.02,"RGB(15, 15, 22)",0.37,"RGB(67, 60, 63)",0.02,"RGB(9, 8, 13)",0.25,8.85%,"RGB(90, 80, 74)",0.06,"RGB(16, 15, 8)",0.32,"RGB(38, 37, 20)",0.27,"RGB(125, 112, 102)",0.09,"RGB(60, 52, 42)",0.26,4.91%,"RGB(161, 145, 134)",0.39,"RGB(40, 57, 61)",0.22,"RGB(28, 37, 34)",0.13,"RGB(127, 109, 92)",0.11,"RGB(84, 73, 60)",0.15,2.00%,"RGB(18, 34, 65)",0.47,"RGB(117, 133, 157)",0.09,"RGB(11, 25, 52)",0.39,"RGB(137, 222, 243)",0.01,"RGB(67, 74, 99)",0.03,0.83%,"RGB(89, 81, 75)",0.63,"RGB(242, 234, 225)",0.17,"RGB(49, 58, 59)",0.07,"RGB(151, 148, 141)",0.04,"RGB(7, 4, 3)",0.09,1.31%
62,L_122.jpg,"RGB(26, 16, 13)",0.16,"RGB(195, 141, 109)",0.19,"RGB(96, 61, 47)",0.27,"RGB(237, 202, 177)",0.12,"RGB(154, 91, 57)",0.26,19.93%,"RGB(253, 253, 252)",0.23,"RGB(87, 40, 22)",0.31,"RGB(200, 168, 149)",0.06,"RGB(132, 71, 45)",0.25,"RGB(168, 105, 77)",0.16,4.19%,"RGB(111, 99, 84)",0.41,"RGB(211, 237, 221)",0.22,"RGB(246, 196, 124)",0.07,"RGB(225, 143, 83)",0.07,"RGB(159, 199, 190)",0.24,3.75%,"RGB(94, 70, 54)",0.13,"RGB(222, 148, 89)",0.32,"RGB(37, 25, 20)",0.16,"RGB(244, 195, 145)",0.19,"RGB(174, 107, 55)",0.20,3.09%,"RGB(31, 21, 17)",0.27,"RGB(209, 164, 132)",0.20,"RGB(241, 221, 201)",0.18,"RGB(89, 64, 47)",0.19,"RGB(166, 101, 72)",0.16,16.95%
63,L_123.jpg,"RGB(50, 54, 37)",0.20,"RGB(225, 226, 211)",0.18,"RGB(91, 96, 76)",0.15,"RGB(15, 18, 9)",0.37,"RGB(162, 168, 142)",0.10,10.21%,"RGB(123, 122, 118)",0.37,"RGB(96, 95, 91)",0.24,"RGB(212, 205, 182)",0.04,"RGB(143, 142, 138)",0.30,"RGB(183, 176, 154)",0.05,8.35%,"RGB(145, 142, 135)",0.53,"RGB(34, 34, 31)",0.17,"RGB(97, 96, 90)",0.05,"RGB(55, 55, 51)",0.11,"RGB(13, 11, 9)",0.14,4.60%,"RGB(138, 136, 128)",0.43,"RGB(53, 53, 50)",0.03,"RGB(220, 218, 210)",0.01,"RGB(25, 25, 23)",0.06,"RGB(145, 142, 135)",0.47,3.09%,"RGB(10, 7, 4)",0.66,"RGB(88, 89, 82)",0.11,"RGB(67, 66, 59)",0.10,"RGB(138, 135, 116)",0.03,"RGB(42, 39, 35)",0.09,3.82%
64,L_124.jpg,"RGB(37, 35, 33)",0.21,"RGB(206, 192, 177)",0.19,"RGB(89, 82, 77)",0.15,"RGB(15, 13, 11)",0.25,"RGB(60, 57, 54)",0.20,7.15%,NaN,NaN,NaN,NaN,NaN,NaN,NaN,NaN,NaN,NaN,NaN,NaN,NaN,NaN,NaN,NaN,NaN,NaN,NaN,NaN,NaN,NaN,NaN,NaN,NaN,NaN,NaN,NaN,NaN,NaN,NaN,NaN,NaN,NaN,NaN,NaN,NaN,NaN,NaN,NaN,NaN,NaN,NaN,NaN
65,L_125.jpg,"RGB(243, 235, 220)",0.13,"RGB(194, 131, 94)",0.23,"RGB(66, 37, 27)",0.13,"RGB(208, 183, 148)",0.18,"RGB(116, 87, 63)",0.34,25.59%,"RGB(18, 13, 10)",0.42,"RGB(225, 211, 189)",0.12,"RGB(121, 86, 66)",0.14,"RGB(190, 151, 124)",0.12,"RGB(66, 41, 32)",0.19,17.86%,"RGB(120, 94, 74)",0.31,"RGB(229, 217, 199)",0.02,"RGB(51, 33, 26)",0.14,"RGB(181, 109, 87)",0.10,"RGB(96, 72, 50)",0.43,5.23%,"RGB(252, 249, 241)",0.45,"RGB(202, 186, 163)",0.18,"RGB(163, 142, 122)",0.08,"RGB(233, 221, 200)",0.26,"RGB(102, 89, 78)",0.03,5.22%,"RGB(18, 14, 11)",0.46,"RGB(174, 140, 116)",0.09,"RGB(226, 207, 188)",0.07,"RGB(68, 41, 31)",0.18,"RGB(126, 75, 55)",0.21,22.28%
66,L_128.jpg,"RGB(104, 96, 85)",0.14,"RGB(179, 169, 159)",0.43,"RGB(148, 140, 128)",0.32,"RGB(25, 21, 24)",0.08,"RGB(237, 228, 215)",0.02,4.89%,"RGB(212, 205, 188)",0.41,"RGB(99, 91, 79)",0.07,"RGB(236, 229, 214)",0.06,"RGB(166, 161, 149)",0.35,"RGB(129, 121, 109)",0.11,2.52%,NaN,NaN,NaN,NaN,NaN,NaN,NaN,NaN,NaN,NaN,NaN,NaN,NaN,NaN,NaN,NaN,NaN,NaN,NaN,NaN,NaN,NaN,NaN,NaN,NaN,NaN,NaN,NaN,NaN,NaN,NaN,NaN,NaN
67,L_129.jpg,"RGB(220, 212, 189)",0.17,"RGB(175, 171, 134)",0.22,"RGB(127, 128, 79)",0.17,"RGB(199, 191, 163)",0.21,"RGB(154, 152, 107)",0.22,15.51%,"RGB(163, 156, 142)",0.08,"RGB(119, 93, 56)",0.39,"RGB(143, 120, 87)",0.14,"RGB(100, 74, 38)",0.37,"RGB(224, 220, 207)",0.02,5.60%,"RGB(86, 70, 48)",0.61,"RGB(202, 168, 123)",0.08,"RGB(38, 27, 12)",0.18,"RGB(143, 132, 115)",0.03,"RGB(120, 100, 73)",0.10,2.11%,"RGB(212, 204, 184)",0.26,"RGB(53, 49, 41)",0.11,"RGB(106, 102, 93)",0.06,"RGB(186, 179, 161)",0.48,"RGB(241, 233, 214)",0.09,0.12%,"RGB(136, 125, 110)",0.10,"RGB(54, 38, 25)",0.40,"RGB(85, 76, 66)",0.19,"RGB(178, 170, 150)",0.24,"RGB(224, 216, 201)",0.07,0.17%
68,L_136.jpg,"RGB(94, 88, 81)",0.38,"RGB(192, 176, 161)",0.10,"RGB(116, 109, 99)",0.25,"RGB(55, 51, 44)",0.11,"RGB(152, 139, 126)",0.16,33.60%,"RGB(41, 20, 9)",0.41,"RGB(186, 159, 142)",0.08,"RGB(118, 94, 81)",0.06,"RGB(28, 10, 3)",0.22,"RGB(48, 28, 17)",0.24,6.90%,"RGB(83, 84, 79)",0.09,"RGB(162, 170, 175)",0.35,"RGB(237, 225, 206)",0.23,"RGB(142, 145, 143)",0.15,"RGB(113, 115, 115)",0.18,2.39%,"RGB(237, 225, 206)",0.78,"RGB(133, 132, 130)",0.04,"RGB(156, 155, 151)",0.05,"RGB(114, 111, 108)",0.04,"RGB(167, 169, 170)",0.08,0.72%,"RGB(169, 159, 154)",0.27,"RGB(144, 137, 133)",0.20,"RGB(214, 200, 188)",0.13,"RGB(193, 180, 170)",0.20,"RGB(121, 115, 111)",0.20,0.28%
69,L_137.jpg,"RGB(22, 20, 25)",0.17,"RGB(113, 103, 93)",0.32,"RGB(129, 174, 230)",0.00,"RGB(93, 86, 78)",0.29,"RGB(135, 120, 107)",0.22,27.26%,"RGB(103, 100, 98)",0.18,"RGB(43, 40, 39)",0.21,"RGB(138, 120, 108)",0.06,"RGB(61, 62, 62)",0.23,"RGB(79, 81, 81)",0.32,10.78%,"RGB(17, 16, 24)",0.85,"RGB(93, 88, 83)",0.05,"RGB(141, 119, 99)",0.01,"RGB(128, 172, 228)",0.01,"RGB(54, 51, 50)",0.08,3.30%,"RGB(64, 50, 45)",0.20,"RGB(141, 112, 89)",0.14,"RGB(105, 88, 74)",0.33,"RGB(176, 136, 104)",0.20,"RGB(40, 30, 27)",0.13,3.06%,"RGB(110, 94, 86)",0.24,"RGB(79, 67, 58)",0.30,"RGB(164, 114, 92)",0.23,"RGB(42, 31, 25)",0.13,"RGB(204, 154, 133)",0.11,3.50%
70,L_138.jpg,"RGB(114, 111, 110)",0.17,"RGB(169, 164, 160)",0.27,"RGB(66, 72, 70)",0.06,"RGB(204, 200, 192)",0.11,"RGB(150, 146, 141)",0.38,5.24%,"RGB(143, 137, 132)",0.19,"RGB(203, 201, 198)",0.29,"RGB(174, 169, 164)",0.27,"RGB(90, 83, 78)",0.07,"RGB(119, 113, 107)",0.18,4.24%,"RGB(99, 91, 84)",0.11,"RGB(183, 181, 176)",0.16,"RGB(215, 214, 213)",0.10,"RGB(118, 111, 103)",0.46,"RGB(152, 147, 140)",0.16,3.21%,"RGB(225, 231, 234)",0.23,"RGB(181, 181, 179)",0.26,"RGB(213, 216, 219)",0.25,"RGB(196, 197, 198)",0.12,"RGB(159, 159, 156)",0.13,3.17%,"RGB(195, 197, 197)",0.30,"RGB(76, 70, 62)",0.14,"RGB(32, 37, 32)",0.11,"RGB(113, 112, 108)",0.18,"RGB(159, 159, 157)",0.27,9.77%
71,L_142.jpg,"RGB(242, 173, 142)",0.15,"RGB(138, 109, 94)",0.36,"RGB(39, 31, 27)",0.04,"RGB(185, 143, 127)",0.21,"RGB(102, 84, 73)",0.23,42.44%,"RGB(124, 124, 115)",0.09,"RGB(13, 13, 12)",0.42,"RGB(225, 236, 234)",0.16,"RGB(66, 64, 57)",0.13,"RGB(178, 187, 182)",0.19,11.90%,"RGB(184, 153, 142)",0.38,"RGB(51, 41, 39)",0.11,"RGB(239, 178, 155)",0.09,"RGB(109, 92, 86)",0.17,"RGB(148, 128, 121)",0.24,9.20%,"RGB(95, 71, 62)",0.10,"RGB(239, 178, 156)",0.18,"RGB(173, 150, 142)",0.25,"RGB(27, 20, 18)",0.24,"RGB(135, 117, 109)",0.22,3.33%,"RGB(19, 19, 18)",0.23,"RGB(107, 93, 84)",0.47,"RGB(130, 130, 128)",0.12,"RGB(65, 59, 51)",0.15,"RGB(188, 195, 198)",0.03,5.66%
72,L_146.jpg,"RGB(118, 121, 122)",0.21,"RGB(105, 106, 107)",0.56,"RGB(63, 60, 50)",0.07,"RGB(93, 92, 88)",0.14,"RGB(13, 13, 11)",0.02,10.12%,"RGB(126, 112, 101)",0.21,"RGB(45, 34, 26)",0.09,"RGB(211, 202, 183)",0.16,"RGB(164, 156, 142)",0.25,"RGB(87, 77, 69)",0.29,7.99%,"RGB(24, 17, 14)",0.21,"RGB(93, 63, 42)",0.32,"RGB(158, 153, 142)",0.04,"RGB(53, 41, 31)",0.31,"RGB(108, 93, 79)",0.12,7.18%,"RGB(13, 13, 16)",0.28,"RGB(156, 148, 133)",0.15,"RGB(122, 110, 98)",0.19,"RGB(69, 67, 63)",0.19,"RGB(193, 183, 160)",0.19,1.87%,"RGB(140, 135, 127)",0.16,"RGB(75, 72, 65)",0.26,"RGB(22, 41, 79)",0.18,"RGB(208, 201, 175)",0.14,"RGB(30, 28, 26)",0.27,4.92%
73,L_147.jpg,"RGB(220, 198, 202)",0.19,"RGB(191, 160, 161)",0.28,"RGB(132, 86, 84)",0.04,"RGB(204, 178, 181)",0.36,"RGB(175, 139, 138)",0.14,33.78%,"RGB(150, 52, 69)",0.06,"RGB(181, 153, 150)",0.16,"RGB(160, 116, 108)",0.11,"RGB(136, 10, 47)",0.18,"RGB(206, 186, 185)",0.49,3.08%,"RGB(189, 163, 164)",0.35,"RGB(47, 32, 38)",0.02,"RGB(218, 205, 208)",0.17,"RGB(173, 144, 143)",0.15,"RGB(203, 182, 184)",0.32,2.79%,"RGB(178, 142, 147)",0.23,"RGB(222, 190, 196)",0.16,"RGB(209, 175, 181)",0.29,"RGB(162, 121, 125)",0.10,"RGB(195, 160, 165)",0.23,0.98%,"RGB(204, 163, 170)",0.33,"RGB(69, 54, 46)",0.06,"RGB(229, 198, 206)",0.19,"RGB(178, 137, 140)",0.29,"RGB(129, 103, 107)",0.13,2.74%
74,L_153.jpg,"RGB(103, 83, 53)",0.20,"RGB(234, 194, 66)",0.15,"RGB(183, 205, 192)",0.11,"RGB(188, 126, 28)",0.19,"RGB(42, 33, 20)",0.34,34.95%,"RGB(181, 164, 23)",0.19,"RGB(57, 29, 17)",0.24,"RGB(101, 97, 18)",0.28,"RGB(172, 192, 150)",0.16,"RGB(236, 183, 66)",0.14,8.56%,"RGB(207, 240, 250)",0.29,"RGB(19, 20, 21)",0.19,"RGB(160, 157, 146)",0.16,"RGB(158, 197, 218)",0.20,"RGB(85, 99, 114)",0.16,5.46%,"RGB(221, 151, 16)",0.24,"RGB(49, 34, 15)",0.21,"RGB(193, 137, 5)",0.37,"RGB(225, 179, 98)",0.05,"RGB(111, 85, 24)",0.13,3.92%,"RGB(57, 38, 25)",0.39,"RGB(204, 120, 17)",0.17,"RGB(99, 88, 73)",0.24,"RGB(247, 214, 42)",0.09,"RGB(170, 32, 20)",0.11,6.04%
75,L_155.jpg,"RGB(55, 47, 38)",0.18,"RGB(200, 184, 168)",0.07,"RGB(16, 15, 10)",0.44,"RGB(148, 129, 109)",0.10,"RGB(99, 85, 70)",0.21,7.52%,"RGB(178, 155, 134)",0.21,"RGB(116, 98, 69)",0.29,"RGB(205, 184, 166)",0.14,"RGB(150, 129, 104)",0.25,"RGB(80, 60, 33)",0.10,3.54%,"RGB(249, 250, 245)",0.38,"RGB(154, 139, 119)",0.17,"RGB(241, 229, 218)",0.38,"RGB(112, 94, 78)",0.04,"RGB(200, 179, 162)",0.04,3.33%,"RGB(206, 177, 173)",0.24,"RGB(69, 76, 54)",0.18,"RGB(112, 117, 97)",0.12,"RGB(225, 205, 188)",0.18,"RGB(181, 131, 162)",0.28,2.98%,"RGB(30, 13, 7)",0.17,"RGB(81, 65, 48)",0.32,"RGB(117, 94, 76)",0.13,"RGB(203, 153, 134)",0.11,"RGB(65, 33, 22)",0.26,15.45%
76,L_158.jpg,"RGB(52, 45, 37)",0.15,"RGB(85, 79, 71)",0.28,"RGB(169, 170, 166)",0.03,"RGB(123, 119, 114)",0.15,"RGB(11, 7, 4)",0.38,22.53%,"RGB(24, 27, 26)",0.31,"RGB(48, 52, 51)",0.22,"RGB(136, 141, 137)",0.01,"RGB(75, 79, 78)",0.21,"RGB(6, 6, 6)",0.24,4.37%,"RGB(185, 193, 195)",0.16,"RGB(51, 66, 86)",0.09,"RGB(130, 155, 181)",0.52,"RGB(27, 23, 20)",0.07,"RGB(105, 130, 156)",0.15,2.53%,"RGB(67, 122, 132)",0.17,"RGB(41, 51, 57)",0.23,"RGB(222, 204, 184)",0.07,"RGB(189, 160, 124)",0.28,"RGB(144, 89, 61)",0.24,0.65%,"RGB(30, 30, 24)",0.20,"RGB(153, 152, 143)",0.22,"RGB(70, 74, 80)",0.20,"RGB(222, 216, 198)",0.09,"RGB(129, 106, 73)",0.30,0.82%
77,L_159.jpg,"RGB(144, 139, 134)",0.11,"RGB(196, 190, 185)",0.32,"RGB(213, 207, 201)",0.32,"RGB(104, 101, 98)",0.05,"RGB(174, 171, 167)",0.20,11.59%,"RGB(192, 180, 166)",0.33,"RGB(10, 12, 12)",0.22,"RGB(219, 210, 199)",0.34,"RGB(137, 132, 125)",0.06,"RGB(73, 70, 67)",0.05,6.96%,"RGB(219, 210, 200)",0.45,"RGB(140, 131, 119)",0.04,"RGB(211, 202, 191)",0.48,"RGB(181, 173, 165)",0.01,"RGB(105, 98, 90)",0.01,4.96%,"RGB(190, 179, 165)",0.46,"RGB(215, 202, 189)",0.31,"RGB(228, 225, 217)",0.19,"RGB(77, 72, 66)",0.01,"RGB(147, 140, 130)",0.04,4.84%,NaN,NaN,NaN,NaN,NaN,NaN,NaN,NaN,NaN,NaN,NaN
78,L_161.jpg,"RGB(202, 186, 172)",0.10,"RGB(128, 119, 102)",0.18,"RGB(149, 140, 125)",0.23,"RGB(173, 161, 146)",0.29,"RGB(108, 98, 84)",0.20,33.35%,"RGB(128, 115, 94)",0.49,"RGB(144, 134, 113)",0.24,"RGB(196, 186, 172)",0.08,"RGB(98, 88, 68)",0.03,"RGB(167, 158, 140)",0.16,1.83%,NaN,NaN,NaN,NaN,NaN,NaN,NaN,NaN,NaN,NaN,NaN,NaN,NaN,NaN,NaN,NaN,NaN,NaN,NaN,NaN,NaN,NaN,NaN,NaN,NaN,NaN,NaN,NaN,NaN,NaN,NaN,NaN,NaN
79,L_164.jpg,"RGB(118, 157, 194)",0.00,"RGB(12, 3, 2)",0.15,"RGB(49, 34, 21)",0.41,"RGB(39, 25, 12)",0.25,"RGB(59, 44, 30)",0.19,30.12%,"RGB(202, 185, 175)",0.46,"RGB(188, 173, 165)",0.23,"RGB(163, 151, 144)",0.06,"RGB(251, 248, 240)",0.01,"RGB(216, 196, 186)",0.23,4.88%,"RGB(187, 191, 192)",0.20,"RGB(83, 52, 36)",0.12,"RGB(144, 116, 100)",0.17,"RGB(118, 85, 66)",0.42,"RGB(217, 218, 215)",0.08,3.95%,"RGB(190, 198, 203)",0.59,"RGB(103, 80, 68)",0.10,"RGB(177, 167, 154)",0.13,"RGB(231, 230, 225)",0.13,"RGB(56, 27, 18)",0.06,1.04%,"RGB(201, 207, 208)",0.26,"RGB(96, 70, 55)",0.26,"RGB(61, 26, 19)",0.10,"RGB(126, 106, 94)",0.16,"RGB(164, 161, 156)",0.21,3.71%
80,L_165.jpg,"RGB(196, 170, 102)",0.28,"RGB(176, 150, 87)",0.51,"RGB(178, 169, 163)",0.16,"RGB(250, 244, 238)",0.03,"RGB(55, 38, 29)",0.02,43.57%,"RGB(239, 201, 175)",0.26,"RGB(74, 30, 19)",0.06,"RGB(251, 249, 247)",0.58,"RGB(183, 146, 127)",0.06,"RGB(135, 90, 71)",0.05,2.01%,"RGB(108, 51, 62)",0.33,"RGB(103, 94, 106)",0.18,"RGB(54, 16, 23)",0.22,"RGB(193, 199, 218)",0.08,"RGB(142, 141, 149)",0.19,0.64%,"RGB(175, 138, 99)",0.27,"RGB(61, 61, 68)",0.10,"RGB(125, 90, 66)",0.19,"RGB(79, 44, 27)",0.21,"RGB(16, 9, 10)",0.22,0.44%,"RGB(116, 79, 70)",0.19,"RGB(89, 21, 36)",0.25,"RGB(195, 192, 199)",0.08,"RGB(20, 66, 42)",0.27,"RGB(146, 138, 131)",0.21,1.06%
81,L_168.jpg,"RGB(143, 139, 141)",0.19,"RGB(254, 254, 253)",0.23,"RGB(65, 63, 63)",0.18,"RGB(104, 101, 104)",0.21,"RGB(186, 179, 178)",0.19,2.99%,"RGB(87, 96, 103)",0.31,"RGB(60, 65, 69)",0.27,"RGB(193, 193, 196)",0.11,"RGB(140, 141, 143)",0.13,"RGB(11, 21, 33)",0.18,0.42%,NaN,NaN,NaN,NaN,NaN,NaN,NaN,NaN,NaN,NaN,NaN,NaN,NaN,NaN,NaN,NaN,NaN,NaN,NaN,NaN,NaN,NaN,NaN,NaN,NaN,NaN,NaN,NaN,NaN,NaN,NaN,NaN,NaN
82,L_171.jpg,"RGB(212, 200, 173)",0.15,"RGB(135, 113, 77)",0.22,"RGB(183, 163, 130)",0.21,"RGB(98, 86, 56)",0.40,"RGB(33, 26, 14)",0.02,8.24%,"RGB(51, 44, 14)",0.25,"RGB(77, 66, 34)",0.13,"RGB(122, 91, 43)",0.06,"RGB(10, 10, 2)",0.24,"RGB(31, 26, 5)",0.32,4.92%,"RGB(161, 121, 62)",0.16,"RGB(79, 50, 17)",0.24,"RGB(235, 177, 83)",0.07,"RGB(22, 9, 4)",0.23,"RGB(111, 80, 37)",0.29,3.26%,"RGB(118, 101, 69)",0.14,"RGB(195, 178, 142)",0.17,"RGB(63, 49, 22)",0.11,"RGB(156, 135, 98)",0.20,"RGB(93, 79, 50)",0.39,2.82%,"RGB(114, 95, 61)",0.18,"RGB(20, 16, 5)",0.22,"RGB(215, 206, 182)",0.07,"RGB(55, 54, 32)",0.40,"RGB(182, 147, 84)",0.14,8.12%
83,L_173.jpg,"RGB(86, 79, 75)",0.32,"RGB(197, 177, 145)",0.07,"RGB(139, 121, 100)",0.06,"RGB(18, 18, 19)",0.11,"RGB(61, 57, 54)",0.44,45.20%,"RGB(105, 85, 68)",0.47,"RGB(6, 10, 14)",0.06,"RGB(164, 133, 97)",0.14,"RGB(76, 61, 49)",0.29,"RGB(15, 24, 31)",0.04,4.94%,"RGB(149, 127, 99)",0.18,"RGB(41, 40, 39)",0.11,"RGB(198, 169, 127)",0.16,"RGB(68, 65, 61)",0.19,"RGB(110, 93, 78)",0.36,2.39%,"RGB(61, 60, 62)",0.20,"RGB(36, 36, 35)",0.09,"RGB(20, 20, 19)",0.07,"RGB(48, 48, 47)",0.21,"RGB(55, 55, 55)",0.43,1.75%,NaN,NaN,NaN,NaN,NaN,NaN,NaN,NaN,NaN,NaN,NaN
84,L_174.jpg,"RGB(80, 67, 67)",0.19,"RGB(190, 192, 199)",0.11,"RGB(108, 98, 99)",0.19,"RGB(44, 31, 31)",0.37,"RGB(142, 142, 145)",0.14,3.96%,"RGB(13, 25, 43)",0.32,"RGB(117, 113, 110)",0.30,"RGB(196, 189, 186)",0.06,"RGB(82, 79, 81)",0.20,"RGB(145, 143, 139)",0.13,2.81%,"RGB(154, 184, 179)",0.16,"RGB(29, 34, 32)",0.29,"RGB(108, 135, 112)",0.14,"RGB(202, 226, 224)",0.16,"RGB(58, 83, 64)",0.25,2.31%,"RGB(114, 118, 111)",0.16,"RGB(231, 214, 203)",0.09,"RGB(45, 41, 37)",0.07,"RGB(86, 82, 74)",0.52,"RGB(173, 184, 188)",0.17,2.09%,"RGB(144, 161, 163)",0.15,"RGB(59, 66, 64)",0.27,"RGB(100, 111, 109)",0.18,"RGB(207, 217, 216)",0.10,"RGB(16, 23, 30)",0.30,15.94%
85,L_178.jpg,"RGB(156, 148, 138)",0.28,"RGB(167, 160, 150)",0.19,"RGB(149, 142, 131)",0.48,"RGB(182, 178, 166)",0.04,"RGB(126, 120, 105)",0.01,0.29%,NaN,NaN,NaN,NaN,NaN,NaN,NaN,NaN,NaN,NaN,NaN,NaN,NaN,NaN,NaN,NaN,NaN,NaN,NaN,NaN,NaN,NaN,NaN,NaN,NaN,NaN,NaN,NaN,NaN,NaN,NaN,NaN,NaN,NaN,NaN,NaN,NaN,NaN,NaN,NaN,NaN,NaN,NaN,NaN
86,L_179.jpg,"RGB(171, 118, 2)",0.45,"RGB(190, 150, 6)",0.26,"RGB(75, 48, 8)",0.01,"RGB(171, 146, 80)",0.01,"RGB(150, 97, 2)",0.27,6.75%,"RGB(177, 122, 3)",0.15,"RGB(143, 89, 3)",0.24,"RGB(76, 44, 6)",0.02,"RGB(193, 155, 21)",0.05,"RGB(165, 101, 1)",0.54,5.67%,"RGB(190, 189, 165)",0.30,"RGB(174, 152, 108)",0.14,"RGB(228, 225, 214)",0.09,"RGB(183, 170, 139)",0.28,"RGB(208, 202, 184)",0.18,3.12%,"RGB(125, 88, 31)",0.22,"RGB(79, 47, 12)",0.30,"RGB(175, 140, 71)",0.07,"RGB(150, 112, 43)",0.15,"RGB(101, 68, 22)",0.26,1.03%,"RGB(223, 249, 235)",0.13,"RGB(106, 67, 13)",0.27,"RGB(216, 193, 30)",0.07,"RGB(150, 103, 20)",0.42,"RGB(178, 160, 115)",0.10,2.69%
87,L_182.jpg,"RGB(64, 29, 17)",0.33,"RGB(192, 175, 169)",0.04,"RGB(140, 129, 122)",0.04,"RGB(92, 69, 57)",0.08,"RGB(41, 17, 9)",0.51,27.52%,"RGB(85, 61, 48)",0.22,"RGB(124, 110, 100)",0.11,"RGB(168, 160, 157)",0.11,"RGB(25, 15, 11)",0.15,"RGB(64, 31, 18)",0.40,7.94%,"RGB(201, 177, 161)",0.02,"RGB(154, 155, 154)",0.29,"RGB(137, 139, 137)",0.22,"RGB(78, 55, 44)",0.00,"RGB(145, 148, 146)",0.47,2.44%,"RGB(31, 21, 19)",0.33,"RGB(59, 49, 46)",0.14,"RGB(181, 149, 125)",0.01,"RGB(43, 33, 30)",0.27,"RGB(20, 11, 8)",0.25,1.93%,"RGB(28, 19, 16)",0.35,"RGB(156, 137, 124)",0.16,"RGB(74, 57, 47)",0.12,"RGB(227, 198, 177)",0.09,"RGB(113, 109, 105)",0.28,4.81%
88,L_183.jpg,"RGB(120, 120, 122)",0.18,"RGB(20, 20, 24)",0.50,"RGB(186, 194, 204)",0.07,"RGB(151, 152, 155)",0.18,"RGB(81, 80, 78)",0.07,15.21%,"RGB(194, 182, 169)",0.17,"RGB(131, 124, 118)",0.31,"RGB(241, 221, 198)",0.15,"RGB(163, 155, 150)",0.34,"RGB(56, 44, 37)",0.03,9.23%,"RGB(98, 107, 111)",0.08,"RGB(48, 48, 41)",0.20,"RGB(120, 135, 142)",0.29,"RGB(62, 63, 60)",0.27,"RGB(30, 28, 22)",0.17,0.09%,NaN,NaN,NaN,NaN,NaN,NaN,NaN,NaN,NaN,NaN,NaN,NaN,NaN,NaN,NaN,NaN,NaN,NaN,NaN,NaN,NaN,NaN
89,L_185.jpg,"RGB(208, 204, 201)",0.21,"RGB(88, 86, 84)",0.21,"RGB(150, 147, 145)",0.19,"RGB(179, 175, 172)",0.20,"RGB(118, 116, 114)",0.19,7.41%,"RGB(99, 96, 91)",0.13,"RGB(163, 162, 159)",0.27,"RGB(13, 11, 10)",0.16,"RGB(136, 134, 131)",0.26,"RGB(44, 42, 40)",0.19,1.34%,"RGB(87, 91, 71)",0.11,"RGB(226, 219, 211)",0.32,"RGB(197, 187, 176)",0.16,"RGB(26, 29, 22)",0.19,"RGB(151, 147, 138)",0.22,1.25%,"RGB(59, 62, 62)",0.15,"RGB(28, 32, 33)",0.30,"RGB(43, 46, 47)",0.39,"RGB(88, 91, 91)",0.05,"RGB(14, 18, 19)",0.11,0.76%,"RGB(58, 66, 68)",0.29,"RGB(186, 190, 191)",0.09,"RGB(243, 241, 242)",0.12,"RGB(115, 121, 121)",0.15,"RGB(26, 29, 31)",0.35,1.81%
90,L_187.jpg,"RGB(252, 215, 3)",0.28,"RGB(19, 14, 2)",0.39,"RGB(144, 109, 6)",0.05,"RGB(62, 51, 2)",0.19,"RGB(221, 163, 7)",0.09,46.00%,"RGB(110, 67, 2)",0.18,"RGB(26, 11, 1)",0.38,"RGB(226, 155, 2)",0.09,"RGB(161, 103, 2)",0.12,"RGB(68, 38, 2)",0.23,9.68%,NaN,NaN,NaN,NaN,NaN,NaN,NaN,NaN,NaN,NaN,NaN,NaN,NaN,NaN,NaN,NaN,NaN,NaN,NaN,NaN,NaN,NaN,NaN,NaN,NaN,NaN,NaN,NaN,NaN,NaN,NaN,NaN,NaN
91,L_191.jpg,"RGB(78, 78, 74)",0.16,"RGB(157, 155, 148)",0.27,"RGB(190, 190, 182)",0.23,"RGB(115, 115, 109)",0.22,"RGB(50, 45, 41)",0.12,41.51%,"RGB(215, 190, 150)",0.11,"RGB(117, 114, 104)",0.37,"RGB(154, 142, 122)",0.16,"RGB(61, 61, 55)",0.08,"RGB(94, 93, 87)",0.27,16.47%,NaN,NaN,NaN,NaN,NaN,NaN,NaN,NaN,NaN,NaN,NaN,NaN,NaN,NaN,NaN,NaN,NaN,NaN,NaN,NaN,NaN,NaN,NaN,NaN,NaN,NaN,NaN,NaN,NaN,NaN,NaN,NaN,NaN
92,L_194.jpg,"RGB(164, 104, 29)",0.09,"RGB(168, 171, 162)",0.58,"RGB(9, 84, 117)",0.17,"RGB(21, 16, 19)",0.09,"RGB(90, 92, 96)",0.08,4.96%,"RGB(31, 26, 22)",0.11,"RGB(221, 208, 172)",0.33,"RGB(33, 73, 108)",0.40,"RGB(223, 76, 16)",0.11,"RGB(148, 133, 107)",0.05,4.47%,"RGB(223, 182, 11)",0.33,"RGB(59, 50, 5)",0.30,"RGB(252, 251, 240)",0.16,"RGB(214, 190, 113)",0.09,"RGB(137, 113, 29)",0.13,3.35%,"RGB(61, 109, 39)",0.24,"RGB(204, 190, 158)",0.31,"RGB(194, 37, 9)",0.25,"RGB(9, 10, 6)",0.11,"RGB(100, 146, 133)",0.09,3.31%,NaN,NaN,NaN,NaN,NaN,NaN,NaN,NaN,NaN,NaN,NaN
93,L_199.jpg,"RGB(200, 188, 173)",0.29,"RGB(118, 106, 92)",0.17,"RGB(23, 21, 17)",0.08,"RGB(159, 147, 132)",0.34,"RGB(240, 226, 208)",0.12,24.00%,"RGB(195, 184, 168)",0.25,"RGB(151, 137, 122)",0.27,"RGB(101, 90, 76)",0.05,"RGB(169, 156, 140)",0.40,"RGB(37, 29, 20)",0.02,6.18%,"RGB(225, 223, 217)",0.11,"RGB(5, 5, 5)",0.22,"RGB(114, 114, 101)",0.04,"RGB(192, 186, 177)",0.13,"RGB(209, 204, 197)",0.49,5.18%,"RGB(198, 192, 183)",0.32,"RGB(96, 92, 74)",0.12,"RGB(142, 136, 125)",0.23,"RGB(19, 15, 12)",0.18,"RGB(233, 229, 223)",0.15,2.32%,"RGB(226, 215, 200)",0.22,"RGB(14, 14, 13)",0.27,"RGB(152, 143, 132)",0.14,"RGB(106, 99, 90)",0.09,"RGB(185, 177, 167)",0.28,8.75%
94,L_200.jpg,"RGB(238, 170, 60)",0.11,"RGB(58, 14, 9)",0.55,"RGB(223, 57, 15)",0.14,"RGB(247, 229, 179)",0.10,"RGB(139, 49, 23)",0.10,5.41%,"RGB(50, 19, 24)",0.42,"RGB(109, 81, 83)",0.14,"RGB(170, 48, 23)",0.13,"RGB(229, 206, 193)",0.16,"RGB(183, 145, 139)",0.15,2.46%,"RGB(44, 10, 7)",0.37,"RGB(130, 74, 55)",0.02,"RGB(219, 169, 157)",0.01,"RGB(92, 32, 18)",0.10,"RGB(62, 14, 9)",0.51,1.10%,"RGB(241, 29, 10)",0.55,"RGB(244, 234, 218)",0.26,"RGB(230, 145, 152)",0.03,"RGB(225, 75, 69)",0.05,"RGB(186, 24, 11)",0.11,0.81%,"RGB(232, 163, 45)",0.13,"RGB(51, 17, 11)",0.48,"RGB(129, 155, 161)",0.10,"RGB(247, 223, 155)",0.11,"RGB(124, 56, 29)",0.19,10.17%
95,L_201.jpg,"RGB(11, 8, 5)",0.42,"RGB(83, 67, 53)",0.21,"RGB(156, 132, 106)",0.07,"RGB(39, 34, 29)",0.20,"RGB(120, 98, 75)",0.11,16.28%,"RGB(41, 30, 23)",0.42,"RGB(218, 184, 145)",0.10,"RGB(136, 100, 73)",0.09,"RGB(11, 8, 5)",0.18,"RGB(74, 53, 38)",0.21,3.95%,"RGB(97, 88, 79)",0.25,"RGB(46, 37, 29)",0.08,"RGB(67, 57, 46)",0.20,"RGB(25, 19, 14)",0.26,"RGB(88, 76, 64)",0.21,2.46%,"RGB(29, 25, 20)",0.20,"RGB(109, 94, 74)",0.06,"RGB(143, 126, 103)",0.04,"RGB(12, 9, 6)",0.64,"RGB(58, 52, 45)",0.07,1.49%,NaN,NaN,NaN,NaN,NaN,NaN,NaN,NaN,NaN,NaN,NaN
96,L_202.jpg,"RGB(61, 51, 47)",0.54,"RGB(169, 127, 103)",0.09,"RGB(131, 95, 77)",0.09,"RGB(97, 72, 62)",0.10,"RGB(48, 40, 37)",0.18,36.29%,"RGB(131, 151, 164)",0.27,"RGB(65, 89, 116)",0.25,"RGB(45, 67, 93)",0.22,"RGB(12, 14, 19)",0.03,"RGB(111, 132, 145)",0.22,4.11%,"RGB(174, 195, 193)",0.06,"RGB(70, 83, 86)",0.20,"RGB(93, 127, 130)",0.29,"RGB(36, 46, 50)",0.17,"RGB(117, 152, 154)",0.27,2.89%,"RGB(23, 26, 32)",0.32,"RGB(71, 98, 104)",0.03,"RGB(102, 142, 151)",0.02,"RGB(8, 9, 12)",0.53,"RGB(43, 54, 61)",0.09,2.49%,"RGB(37, 46, 50)",0.37,"RGB(163, 185, 195)",0.10,"RGB(104, 119, 117)",0.16,"RGB(17, 24, 20)",0.14,"RGB(75, 78, 71)",0.24,11.92%
97,L_203.jpg,"RGB(158, 165, 110)",0.30,"RGB(70, 72, 57)",0.19,"RGB(119, 125, 71)",0.18,"RGB(213, 218, 184)",0.08,"RGB(24, 26, 22)",0.25,10.57%,"RGB(29, 29, 30)",0.17,"RGB(79, 79, 78)",0.09,"RGB(7, 7, 8)",0.25,"RGB(45, 47, 49)",0.25,"RGB(57, 59, 61)",0.24,5.79%,"RGB(70, 89, 102)",0.38,"RGB(48, 61, 72)",0.33,"RGB(110, 128, 149)",0.10,"RGB(21, 22, 24)",0.15,"RGB(176, 185, 185)",0.04,5.29%,"RGB(24, 112, 108)",0.21,"RGB(121, 112, 100)",0.46,"RGB(43, 50, 51)",0.11,"RGB(18, 19, 21)",0.16,"RGB(70, 87, 86)",0.06,4.30%,"RGB(181, 186, 178)",0.22,"RGB(23, 22, 19)",0.30,"RGB(120, 127, 126)",0.18,"RGB(67, 66, 64)",0.25,"RGB(128, 85, 37)",0.05,20.80%
98,L_207.jpg,"RGB(213, 197, 165)",0.37,"RGB(93, 80, 49)",0.05,"RGB(245, 232, 199)",0.19,"RGB(188, 172, 141)",0.33,"RGB(149, 128, 86)",0.07,11.14%,"RGB(126, 109, 54)",0.41,"RGB(210, 200, 188)",0.07,"RGB(41, 32, 9)",0.12,"RGB(102, 89, 38)",0.28,"RGB(157, 135, 81)",0.12,10.40%,"RGB(218, 209, 199)",0.35,"RGB(179, 166, 158)",0.22,"RGB(101, 93, 88)",0.02,"RGB(199, 188, 179)",0.39,"RGB(33, 31, 27)",0.02,2.59%,NaN,NaN,NaN,NaN,NaN,NaN,NaN,NaN,NaN,NaN,NaN,NaN,NaN,NaN,NaN,NaN,NaN,NaN,NaN,NaN,NaN,NaN
99,L_213.jpg,"RGB(193, 184, 166)",0.27,"RGB(67, 67, 54)",0.10,"RGB(114, 113, 103)",0.18,"RGB(219, 217, 207)",0.23,"RGB(161, 153, 137)",0.22,16.75%,"RGB(58, 62, 49)",0.40,"RGB(126, 139, 123)",0.09,"RGB(24, 30, 17)",0.26,"RGB(198, 206, 201)",0.04,"RGB(81, 91, 74)",0.21,6.09%,"RGB(124, 123, 114)",0.42,"RGB(156, 157, 151)",0.16,"RGB(198, 202, 196)",0.09,"RGB(97, 95, 87)",0.26,"RGB(56, 56, 50)",0.06,4.49%,"RGB(146, 142, 131)",0.22,"RGB(204, 210, 207)",0.19,"RGB(177, 177, 171)",0.19,"RGB(226, 234, 235)",0.34,"RGB(95, 91, 82)",0.06,3.80%,"RGB(201, 186, 165)",0.26,"RGB(80, 72, 62)",0.40,"RGB(221, 216, 203)",0.18,"RGB(27, 24, 18)",0.05,"RGB(147, 129, 106)",0.11,1.49%
100,L_215.jpg,"RGB(94, 91, 86)",0.33,"RGB(61, 58, 53)",0.28,"RGB(124, 122, 117)",0.25,"RGB(9, 10, 9)",0.06,"RGB(167, 165, 159)",0.09,7.48%,"RGB(69, 43, 12)",0.46,"RGB(162, 135, 97)",0.06,"RGB(119, 91, 56)",0.12,"RGB(87, 61, 28)",0.34,"RGB(221, 200, 152)",0.02,1.27%,"RGB(7, 7, 5)",0.50,"RGB(103, 101, 91)",0.07,"RGB(205, 202, 194)",0.00,"RGB(14, 14, 12)",0.40,"RGB(63, 62, 52)",0.02,0.95%,"RGB(5, 5, 5)",0.64,"RGB(83, 81, 76)",0.09,"RGB(186, 182, 174)",0.04,"RGB(31, 31, 29)",0.17,"RGB(126, 123, 117)",0.05,0.70%,"RGB(115, 139, 27)",0.18,"RGB(238, 236, 203)",0.12,"RGB(66, 74, 11)",0.17,"RGB(169, 213, 35)",0.34,"RGB(186, 181, 150)",0.19,0.45%
101,L_217.jpg,"RGB(27, 29, 22)",0.61,"RGB(187, 175, 127)",0.11,"RGB(59, 63, 51)",0.12,"RGB(229, 222, 187)",0.09,"RGB(132, 122, 86)",0.06,7.65%,"RGB(57, 55, 50)",0.21,"RGB(35, 33, 32)",0.20,"RGB(49, 44, 39)",0.25,"RGB(45, 31, 26)",0.16,"RGB(26, 21, 19)",0.17,4.90%,"RGB(43, 38, 31)",0.28,"RGB(154, 128, 68)",0.05,"RGB(107, 85, 43)",0.06,"RGB(24, 24, 20)",0.57,"RGB(189, 166, 100)",0.03,4.53%,"RGB(13, 13, 13)",0.35,"RGB(106, 78, 34)",0.03,"RGB(158, 135, 79)",0.01,"RGB(35, 32, 28)",0.20,"RGB(20, 19, 17)",0.41,3.71%,"RGB(101, 78, 36)",0.08,"RGB(193, 170, 107)",0.05,"RGB(35, 31, 27)",0.48,"RGB(154, 127, 67)",0.09,"RGB(56, 49, 41)",0.31,10.28%
102,L_219.jpg,"RGB(7, 7, 6)",0.28,"RGB(66, 59, 49)",0.07,"RGB(175, 154, 132)",0.03,"RGB(30, 27, 21)",0.31,"RGB(45, 39, 30)",0.30,16.76%,"RGB(7, 7, 6)",0.54,"RGB(21, 21, 18)",0.04,"RGB(12, 12, 11)",0.11,"RGB(4, 4, 3)",0.30,"RGB(41, 41, 37)",0.01,0.94%,"RGB(62, 59, 30)",0.24,"RGB(185, 169, 135)",0.14,"RGB(99, 92, 56)",0.20,"RGB(138, 127, 95)",0.14,"RGB(34, 34, 14)",0.28,0.43%,"RGB(34, 33, 28)",0.23,"RGB(73, 73, 66)",0.24,"RGB(59, 58, 52)",0.28,"RGB(19, 17, 12)",0.03,"RGB(43, 43, 37)",0.22,0.22%,"RGB(72, 68, 58)",0.37,"RGB(20, 20, 14)",0.21,"RGB(109, 102, 77)",0.07,"RGB(45, 44, 31)",0.33,"RGB(154, 146, 115)",0.01,0.54%