Image Index,Object1 Color 1 (RGB),Object1 Weight 1,Object1 Color 2 (RGB),Object1 Weight 2,Object1 Color 3 (RGB),Object1 Weight 3,Object1 Color 4 (RGB),Object1 Weight 4,Object1 Color 5 (RGB),Object1 Weight 5,Object1_Size_Weight,Object2 Color 1 (RGB),Object2 Weight 1,Object2 Color 2 (RGB),Object2 Weight 2,Object2 Color 3 (RGB),Object2 Weight 3,Object2 Color 4 (RGB),Object2 Weight 4,Object2 Color 5 (RGB),Object2 Weight 5,Object2_Size_Weight,Object3 Color 1 (RGB),Object3 Weight 1,Object3 Color 2 (RGB),Object3 Weight 2,Object3 Color 3 (RGB),Object3 Weight 3,Object3 Color 4 (RGB),Object3 Weight 4,Object3 Color 5 (RGB),Object3 Weight 5,Object3_Size_Weight,Object4 Color 1 (RGB),Object4 Weight 1,Object4 Color 2 (RGB),Object4 Weight 2,Object4 Color 3 (RGB),Object4 Weight 3,Object4 Color 4 (RGB),Object4 Weight 4,Object4 Color 5 (RGB),Object4 Weight 5,Object4_Size_Weight,Object5 Color 1 (RGB),Object5 Weight 1,Object5 Color 2 (RGB),Object5 Weight 2,Object5 Color 3 (RGB),Object5 Weight 3,Object5 Color 4 (RGB),Object5 Weight 4,Object5 Color 5 (RGB),Object5 Weight 5,Object5_Size_Weight
1,"RGB(225, 95, 39)",0.16,"RGB(184, 150, 119)",0.23,"RGB(164, 111, 73)",0.35,"RGB(229, 206, 180)",0.11,"RGB(60, 39, 25)",0.16,5.35%,"RGB(128, 34, 7)",0.34,"RGB(63, 42, 28)",0.25,"RGB(160, 47, 26)",0.21,"RGB(139, 119, 106)",0.06,"RGB(120, 70, 46)",0.13,4.47%,"RGB(201, 182, 159)",0.10,"RGB(80, 62, 51)",0.34,"RGB(106, 98, 93)",0.29,"RGB(61, 37, 20)",0.20,"RGB(165, 148, 129)",0.08,3.18%,"RGB(65, 37, 18)",0.24,"RGB(162, 134, 110)",0.15,"RGB(213, 192, 165)",0.20,"RGB(119, 100, 85)",0.25,"RGB(92, 66, 48)",0.16,1.71%,"RGB(176, 152, 130)",0.34,"RGB(69, 46, 29)",0.13,"RGB(112, 91, 73)",0.13,"RGB(217, 194, 166)",0.17,"RGB(161, 126, 95)",0.24,8.01%
2,"RGB(149, 135, 119)",0.25,"RGB(184, 170, 154)",0.42,"RGB(112, 100, 88)",0.18,"RGB(11, 9, 7)",0.04,"RGB(82, 71, 61)",0.11,9.30%,"RGB(104, 92, 79)",0.13,"RGB(32, 25, 19)",0.23,"RGB(2, 1, 1)",0.42,"RGB(150, 135, 117)",0.12,"RGB(62, 54, 47)",0.10,7.37%,"RGB(183, 169, 151)",0.43,"RGB(94, 84, 74)",0.18,"RGB(144, 131, 117)",0.15,"RGB(22, 18, 15)",0.03,"RGB(196, 183, 167)",0.22,5.14%,"RGB(190, 174, 155)",0.39,"RGB(115, 101, 87)",0.12,"RGB(167, 150, 132)",0.05,"RGB(89, 78, 68)",0.20,"RGB(153, 136, 117)",0.25,3.40%,"RGB(15, 11, 8)",0.09,"RGB(137, 122, 102)",0.41,"RGB(109, 95, 79)",0.36,"RGB(160, 147, 133)",0.07,"RGB(73, 64, 54)",0.07,6.81%
3,"RGB(157, 137, 114)",0.37,"RGB(126, 112, 95)",0.08,"RGB(41, 29, 18)",0.02,"RGB(163, 154, 143)",0.30,"RGB(184, 153, 114)",0.22,19.21%,"RGB(96, 81, 64)",0.27,"RGB(55, 45, 34)",0.17,"RGB(150, 119, 83)",0.03,"RGB(76, 64, 53)",0.43,"RGB(26, 19, 12)",0.10,9.69%,"RGB(159, 125, 78)",0.12,"RGB(103, 84, 56)",0.37,"RGB(192, 145, 80)",0.16,"RGB(131, 103, 55)",0.20,"RGB(163, 122, 59)",0.15,5.27%,"RGB(102, 88, 70)",0.18,"RGB(59, 48, 37)",0.15,"RGB(74, 62, 49)",0.36,"RGB(87, 75, 59)",0.24,"RGB(43, 34, 24)",0.08,2.02%,"RGB(147, 118, 82)",0.46,"RGB(98, 76, 56)",0.10,"RGB(193, 150, 93)",0.15,"RGB(121, 97, 72)",0.26,"RGB(48, 28, 18)",0.04,0.99%
4,"RGB(163, 142, 128)",0.20,"RGB(126, 81, 36)",0.27,"RGB(153, 104, 46)",0.20,"RGB(78, 40, 16)",0.23,"RGB(195, 136, 50)",0.10,14.10%,"RGB(99, 86, 70)",0.19,"RGB(171, 153, 140)",0.30,"RGB(140, 92, 39)",0.24,"RGB(146, 123, 105)",0.19,"RGB(64, 44, 30)",0.08,12.04%,"RGB(118, 93, 71)",0.11,"RGB(82, 42, 16)",0.31,"RGB(121, 71, 27)",0.31,"RGB(164, 115, 50)",0.17,"RGB(169, 148, 132)",0.10,9.70%,"RGB(151, 128, 110)",0.34,"RGB(59, 38, 23)",0.18,"RGB(137, 91, 38)",0.17,"RGB(122, 103, 87)",0.21,"RGB(92, 66, 46)",0.11,6.17%,"RGB(130, 84, 35)",0.40,"RGB(78, 40, 15)",0.31,"RGB(170, 131, 92)",0.07,"RGB(173, 119, 44)",0.17,"RGB(204, 168, 128)",0.05,10.28%
5,"RGB(201, 186, 171)",0.05,"RGB(243, 236, 226)",0.68,"RGB(17, 23, 32)",0.02,"RGB(163, 142, 126)",0.03,"RGB(229, 215, 203)",0.22,17.75%,"RGB(40, 50, 23)",0.38,"RGB(121, 126, 123)",0.08,"RGB(8, 39, 70)",0.27,"RGB(167, 182, 192)",0.05,"RGB(72, 79, 57)",0.22,3.24%,"RGB(220, 225, 224)",0.26,"RGB(3, 13, 31)",0.29,"RGB(145, 148, 146)",0.13,"RGB(77, 80, 85)",0.06,"RGB(188, 196, 197)",0.25,1.08%,"RGB(64, 55, 51)",0.23,"RGB(160, 161, 161)",0.04,"RGB(30, 30, 34)",0.23,"RGB(100, 95, 92)",0.13,"RGB(7, 9, 16)",0.37,0.97%,"RGB(113, 96, 88)",0.22,"RGB(170, 195, 200)",0.17,"RGB(36, 42, 53)",0.13,"RGB(192, 144, 106)",0.27,"RGB(79, 134, 154)",0.21,2.63%
6,"RGB(145, 102, 55)",0.29,"RGB(9, 6, 4)",0.29,"RGB(162, 146, 116)",0.09,"RGB(82, 67, 49)",0.11,"RGB(39, 30, 19)",0.22,2.68%,"RGB(165, 147, 116)",0.35,"RGB(17, 14, 9)",0.26,"RGB(92, 82, 69)",0.05,"RGB(50, 45, 37)",0.05,"RGB(155, 138, 106)",0.29,1.67%,"RGB(103, 78, 42)",0.28,"RGB(33, 22, 9)",0.18,"RGB(149, 136, 118)",0.10,"RGB(83, 59, 22)",0.34,"RGB(126, 106, 76)",0.10,0.70%,"RGB(87, 79, 68)",0.17,"RGB(6, 5, 2)",0.41,"RGB(63, 56, 46)",0.23,"RGB(133, 125, 112)",0.02,"RGB(31, 27, 19)",0.18,0.55%,"RGB(16, 24, 20)",0.24,"RGB(144, 133, 117)",0.08,"RGB(39, 44, 37)",0.08,"RGB(94, 88, 73)",0.06,"RGB(3, 4, 2)",0.55,1.13%
7,"RGB(87, 61, 35)",0.25,"RGB(182, 164, 134)",0.10,"RGB(40, 33, 18)",0.20,"RGB(131, 107, 70)",0.39,"RGB(195, 158, 69)",0.06,41.82%,"RGB(72, 63, 40)",0.41,"RGB(150, 130, 93)",0.09,"RGB(124, 93, 64)",0.14,"RGB(48, 41, 22)",0.31,"RGB(195, 164, 123)",0.06,16.65%,"RGB(64, 57, 36)",0.48,"RGB(181, 164, 133)",0.02,"RGB(127, 105, 66)",0.02,"RGB(75, 67, 43)",0.46,"RGB(29, 25, 9)",0.03,6.59%,"RGB(204, 171, 79)",0.28,"RGB(27, 16, 6)",0.05,"RGB(107, 85, 47)",0.19,"RGB(136, 114, 78)",0.29,"RGB(182, 149, 59)",0.19,4.47%,"RGB(173, 89, 20)",0.08,"RGB(192, 158, 76)",0.28,"RGB(125, 88, 62)",0.40,"RGB(133, 26, 7)",0.18,"RGB(32, 28, 13)",0.07,11.28%
8,"RGB(180, 180, 174)",0.28,"RGB(110, 92, 75)",0.05,"RGB(133, 126, 116)",0.22,"RGB(201, 206, 201)",0.22,"RGB(164, 155, 142)",0.22,14.17%,"RGB(86, 91, 77)",0.13,"RGB(176, 177, 169)",0.16,"RGB(25, 35, 18)",0.33,"RGB(49, 61, 42)",0.28,"RGB(134, 137, 129)",0.10,4.80%,"RGB(140, 145, 137)",0.08,"RGB(39, 51, 31)",0.34,"RGB(98, 105, 92)",0.09,"RGB(21, 33, 12)",0.26,"RGB(60, 73, 50)",0.23,3.33%,"RGB(164, 140, 104)",0.17,"RGB(53, 54, 12)",0.17,"RGB(225, 190, 141)",0.18,"RGB(107, 82, 49)",0.30,"RGB(86, 86, 11)",0.17,2.52%,"RGB(176, 150, 119)",0.17,"RGB(98, 75, 47)",0.31,"RGB(130, 107, 77)",0.22,"RGB(207, 193, 165)",0.12,"RGB(42, 38, 19)",0.18,4.52%
9,"RGB(200, 198, 187)",0.16,"RGB(85, 79, 63)",0.15,"RGB(5, 6, 6)",0.12,"RGB(117, 112, 101)",0.23,"RGB(223, 220, 209)",0.35,6.07%,"RGB(222, 219, 208)",0.54,"RGB(51, 53, 52)",0.03,"RGB(196, 194, 183)",0.21,"RGB(117, 116, 107)",0.06,"RGB(5, 6, 6)",0.16,5.10%,"RGB(113, 109, 97)",0.84,"RGB(12, 11, 10)",0.06,"RGB(212, 204, 192)",0.02,"RGB(58, 58, 56)",0.06,"RGB(169, 157, 144)",0.02,1.75%,"RGB(56, 56, 51)",0.27,"RGB(164, 165, 159)",0.11,"RGB(92, 89, 82)",0.18,"RGB(15, 15, 12)",0.24,"RGB(127, 124, 116)",0.20,1.38%,"RGB(49, 47, 44)",0.34,"RGB(130, 126, 117)",0.15,"RGB(192, 195, 190)",0.08,"RGB(80, 81, 77)",0.20,"RGB(20, 19, 17)",0.23,4.07%
10,"RGB(61, 44, 32)",0.20,"RGB(27, 17, 12)",0.27,"RGB(111, 95, 77)",0.07,"RGB(40, 28, 21)",0.35,"RGB(81, 64, 49)",0.11,8.52%,"RGB(185, 183, 180)",0.08,"RGB(24, 21, 17)",0.40,"RGB(90, 88, 77)",0.12,"RGB(52, 49, 43)",0.27,"RGB(144, 148, 148)",0.13,8.14%,"RGB(150, 148, 135)",0.28,"RGB(69, 59, 49)",0.17,"RGB(92, 81, 69)",0.26,"RGB(27, 23, 18)",0.08,"RGB(129, 127, 115)",0.21,5.26%,"RGB(149, 147, 133)",0.44,"RGB(43, 40, 34)",0.02,"RGB(165, 163, 150)",0.11,"RGB(138, 136, 122)",0.37,"RGB(123, 121, 106)",0.07,4.65%,"RGB(125, 123, 106)",0.30,"RGB(19, 16, 13)",0.31,"RGB(236, 236, 230)",0.06,"RGB(69, 66, 51)",0.17,"RGB(168, 166, 157)",0.16,21.03%
11,"RGB(86, 72, 55)",0.17,"RGB(157, 145, 125)",0.15,"RGB(204, 188, 164)",0.09,"RGB(63, 51, 36)",0.46,"RGB(125, 112, 93)",0.13,13.90%,"RGB(138, 128, 109)",0.33,"RGB(174, 163, 142)",0.17,"RGB(25, 22, 16)",0.07,"RGB(110, 101, 82)",0.27,"RGB(216, 206, 187)",0.16,8.88%,"RGB(215, 226, 225)",0.06,"RGB(93, 81, 64)",0.07,"RGB(172, 165, 151)",0.11,"RGB(12, 12, 11)",0.55,"RGB(131, 121, 103)",0.22,2.04%,"RGB(207, 192, 176)",0.34,"RGB(40, 32, 20)",0.12,"RGB(170, 155, 138)",0.25,"RGB(226, 218, 210)",0.21,"RGB(94, 80, 63)",0.09,0.04%,NaN,NaN,NaN,NaN,NaN,NaN,NaN,NaN,NaN,NaN,NaN
12,"RGB(124, 100, 86)",0.25,"RGB(191, 173, 159)",0.20,"RGB(85, 71, 59)",0.06,"RGB(171, 149, 135)",0.22,"RGB(140, 117, 102)",0.26,9.70%,"RGB(181, 177, 172)",0.55,"RGB(246, 244, 243)",0.08,"RGB(193, 192, 191)",0.26,"RGB(219, 219, 219)",0.10,"RGB(157, 151, 143)",0.02,6.90%,"RGB(208, 207, 208)",0.36,"RGB(183, 177, 175)",0.18,"RGB(126, 122, 110)",0.02,"RGB(197, 194, 194)",0.43,"RGB(152, 148, 133)",0.02,4.96%,"RGB(173, 150, 137)",0.33,"RGB(198, 180, 168)",0.17,"RGB(156, 133, 117)",0.13,"RGB(120, 98, 80)",0.03,"RGB(185, 164, 151)",0.34,2.50%,"RGB(231, 227, 225)",0.37,"RGB(91, 73, 57)",0.12,"RGB(159, 141, 120)",0.10,"RGB(193, 180, 164)",0.25,"RGB(132, 111, 90)",0.17,3.29%
13,"RGB(102, 86, 75)",0.11,"RGB(208, 175, 149)",0.38,"RGB(155, 135, 118)",0.13,"RGB(216, 216, 208)",0.29,"RGB(63, 42, 19)",0.09,1.49%,"RGB(32, 16, 10)",0.12,"RGB(84, 78, 75)",0.48,"RGB(67, 52, 43)",0.15,"RGB(169, 179, 176)",0.03,"RGB(114, 113, 112)",0.21,1.38%,"RGB(116, 101, 89)",0.13,"RGB(210, 182, 160)",0.24,"RGB(217, 219, 211)",0.31,"RGB(200, 167, 139)",0.28,"RGB(65, 46, 27)",0.04,1.32%,"RGB(69, 55, 46)",0.37,"RGB(153, 125, 102)",0.10,"RGB(194, 166, 141)",0.06,"RGB(34, 15, 7)",0.21,"RGB(103, 84, 69)",0.25,1.21%,"RGB(204, 177, 149)",0.29,"RGB(71, 58, 46)",0.17,"RGB(155, 135, 115)",0.27,"RGB(110, 91, 73)",0.17,"RGB(35, 21, 11)",0.11,2.17%
14,"RGB(181, 187, 194)",0.21,"RGB(19, 22, 29)",0.29,"RGB(149, 150, 150)",0.17,"RGB(165, 168, 171)",0.30,"RGB(115, 115, 115)",0.03,33.18%,"RGB(8, 7, 10)",0.45,"RGB(165, 164, 162)",0.03,"RGB(71, 69, 69)",0.01,"RGB(120, 119, 118)",0.01,"RGB(17, 15, 19)",0.50,1.28%,"RGB(164, 173, 184)",0.19,"RGB(115, 125, 135)",0.03,"RGB(186, 198, 213)",0.31,"RGB(36, 43, 51)",0.01,"RGB(177, 186, 198)",0.46,0.98%,"RGB(106, 105, 107)",0.34,"RGB(29, 25, 24)",0.04,"RGB(61, 62, 62)",0.12,"RGB(95, 91, 90)",0.19,"RGB(115, 118, 120)",0.30,0.96%,"RGB(111, 102, 97)",0.23,"RGB(187, 186, 188)",0.36,"RGB(79, 66, 59)",0.10,"RGB(156, 143, 138)",0.25,"RGB(41, 27, 22)",0.06,0.46%
15,"RGB(227, 209, 179)",0.32,"RGB(143, 125, 98)",0.04,"RGB(216, 200, 172)",0.57,"RGB(92, 74, 54)",0.02,"RGB(178, 172, 161)",0.05,13.85%,"RGB(125, 95, 71)",0.20,"RGB(13, 14, 11)",0.52,"RGB(72, 39, 27)",0.08,"RGB(178, 158, 141)",0.05,"RGB(107, 77, 53)",0.16,5.28%,"RGB(75, 68, 56)",0.20,"RGB(187, 167, 145)",0.51,"RGB(109, 100, 84)",0.08,"RGB(46, 40, 29)",0.13,"RGB(13, 10, 7)",0.07,3.39%,"RGB(188, 168, 145)",0.33,"RGB(28, 25, 18)",0.15,"RGB(72, 66, 53)",0.17,"RGB(162, 139, 120)",0.17,"RGB(137, 115, 96)",0.18,3.05%,"RGB(200, 178, 150)",0.22,"RGB(120, 86, 56)",0.42,"RGB(44, 41, 25)",0.13,"RGB(151, 133, 106)",0.16,"RGB(199, 124, 41)",0.08,5.10%
16,"RGB(124, 118, 78)",0.12,"RGB(248, 231, 204)",0.25,"RGB(200, 182, 157)",0.14,"RGB(60, 71, 11)",0.13,"RGB(168, 157, 138)",0.36,7.89%,"RGB(201, 185, 158)",0.21,"RGB(79, 72, 49)",0.11,"RGB(119, 116, 106)",0.14,"RGB(28, 34, 8)",0.34,"RGB(168, 156, 134)",0.19,4.60%,"RGB(34, 49, 4)",0.25,"RGB(112, 124, 18)",0.21,"RGB(203, 195, 144)",0.08,"RGB(66, 83, 8)",0.36,"RGB(155, 159, 71)",0.11,1.21%,"RGB(188, 172, 150)",0.18,"RGB(132, 129, 125)",0.53,"RGB(53, 34, 25)",0.02,"RGB(89, 78, 65)",0.13,"RGB(118, 109, 99)",0.15,0.64%,"RGB(101, 102, 103)",0.18,"RGB(161, 123, 77)",0.13,"RGB(188, 165, 146)",0.17,"RGB(41, 46, 12)",0.25,"RGB(87, 94, 13)",0.28,1.58%
17,"RGB(156, 144, 131)",0.31,"RGB(184, 169, 154)",0.27,"RGB(219, 201, 185)",0.22,"RGB(65, 58, 49)",0.05,"RGB(120, 111, 102)",0.15,12.98%,"RGB(212, 193, 174)",0.28,"RGB(129, 125, 120)",0.44,"RGB(52, 48, 45)",0.01,"RGB(159, 148, 137)",0.15,"RGB(106, 103, 99)",0.11,7.02%,"RGB(214, 195, 180)",0.34,"RGB(197, 178, 162)",0.06,"RGB(204, 186, 170)",0.17,"RGB(221, 202, 187)",0.12,"RGB(210, 191, 175)",0.31,2.92%,"RGB(125, 127, 131)",0.40,"RGB(224, 206, 191)",0.14,"RGB(34, 26, 21)",0.08,"RGB(83, 82, 83)",0.18,"RGB(146, 144, 144)",0.20,2.02%,"RGB(20, 10, 6)",0.34,"RGB(133, 124, 117)",0.10,"RGB(56, 47, 38)",0.20,"RGB(91, 80, 71)",0.11,"RGB(168, 159, 154)",0.25,0.73%
18,"RGB(198, 190, 181)",0.21,"RGB(95, 87, 74)",0.18,"RGB(142, 132, 119)",0.21,"RGB(55, 47, 32)",0.08,"RGB(172, 164, 156)",0.32,26.14%,"RGB(128, 114, 92)",0.19,"RGB(164, 148, 122)",0.28,"RGB(210, 203, 191)",0.10,"RGB(93, 79, 59)",0.38,"RGB(38, 29, 18)",0.04,3.74%,"RGB(113, 94, 68)",0.31,"RGB(149, 138, 129)",0.13,"RGB(138, 116, 88)",0.10,"RGB(22, 14, 8)",0.02,"RGB(107, 82, 47)",0.43,2.05%,NaN,NaN,NaN,NaN,NaN,NaN,NaN,NaN,NaN,NaN,NaN,NaN,NaN,NaN,NaN,NaN,NaN,NaN,NaN,NaN,NaN,NaN
19,"RGB(217, 206, 187)",0.40,"RGB(12, 12, 11)",0.02,"RGB(178, 169, 153)",0.10,"RGB(100, 95, 88)",0.04,"RGB(198, 190, 177)",0.43,19.71%,"RGB(50, 46, 40)",0.46,"RGB(179, 169, 154)",0.08,"RGB(4, 6, 6)",0.30,"RGB(94, 90, 82)",0.03,"RGB(17, 19, 22)",0.13,2.51%,"RGB(2, 3, 4)",0.54,"RGB(25, 31, 38)",0.09,"RGB(147, 152, 155)",0.01,"RGB(11, 13, 16)",0.32,"RGB(58, 68, 77)",0.05,1.63%,"RGB(53, 48, 42)",0.55,"RGB(38, 37, 33)",0.10,"RGB(48, 44, 38)",0.32,"RGB(19, 20, 19)",0.03,"RGB(66, 71, 76)",0.00,1.28%,"RGB(77, 81, 85)",0.13,"RGB(10, 11, 14)",0.58,"RGB(114, 120, 126)",0.11,"RGB(155, 167, 180)",0.07,"RGB(38, 43, 47)",0.11,1.09%
20,"RGB(213, 208, 198)",0.55,"RGB(128, 119, 110)",0.04,"RGB(59, 54, 49)",0.05,"RGB(240, 234, 221)",0.14,"RGB(195, 186, 175)",0.21,6.44%,"RGB(157, 150, 145)",0.32,"RGB(53, 32, 23)",0.22,"RGB(202, 203, 202)",0.13,"RGB(113, 108, 105)",0.19,"RGB(80, 72, 68)",0.14,4.10%,"RGB(133, 113, 103)",0.43,"RGB(47, 24, 18)",0.03,"RGB(80, 66, 59)",0.14,"RGB(138, 134, 136)",0.18,"RGB(104, 89, 83)",0.22,2.72%,"RGB(169, 167, 162)",0.34,"RGB(209, 212, 214)",0.26,"RGB(96, 81, 80)",0.04,"RGB(139, 134, 130)",0.06,"RGB(188, 188, 185)",0.29,0.77%,"RGB(36, 18, 10)",0.18,"RGB(102, 91, 83)",0.49,"RGB(87, 66, 55)",0.16,"RGB(156, 148, 140)",0.04,"RGB(67, 44, 32)",0.14,1.25%
21,"RGB(120, 116, 109)",0.29,"RGB(74, 49, 23)",0.43,"RGB(158, 154, 147)",0.09,"RGB(98, 82, 61)",0.15,"RGB(203, 201, 193)",0.04,1.99%,"RGB(146, 137, 126)",0.39,"RGB(175, 172, 164)",0.24,"RGB(118, 110, 98)",0.23,"RGB(74, 69, 61)",0.04,"RGB(211, 206, 195)",0.09,1.71%,"RGB(238, 224, 196)",0.47,"RGB(185, 177, 160)",0.10,"RGB(147, 135, 110)",0.05,"RGB(239, 237, 225)",0.34,"RGB(84, 75, 63)",0.04,1.49%,"RGB(240, 227, 199)",0.56,"RGB(94, 95, 94)",0.03,"RGB(238, 238, 230)",0.32,"RGB(203, 195, 177)",0.08,"RGB(50, 47, 47)",0.02,1.35%,"RGB(196, 190, 177)",0.22,"RGB(132, 117, 90)",0.20,"RGB(69, 51, 31)",0.17,"RGB(235, 229, 211)",0.24,"RGB(163, 156, 143)",0.17,2.85%
22,"RGB(204, 171, 183)",0.22,"RGB(44, 37, 35)",0.18,"RGB(126, 98, 107)",0.21,"RGB(12, 8, 6)",0.22,"RGB(165, 132, 146)",0.17,2.79%,"RGB(2, 2, 1)",0.86,"RGB(50, 50, 65)",0.02,"RGB(194, 210, 239)",0.00,"RGB(23, 20, 24)",0.11,"RGB(104, 119, 158)",0.01,2.77%,"RGB(2, 2, 2)",0.63,"RGB(49, 39, 38)",0.13,"RGB(132, 117, 121)",0.01,"RGB(15, 12, 11)",0.20,"RGB(89, 76, 78)",0.03,2.51%,"RGB(56, 47, 45)",0.11,"RGB(8, 9, 8)",0.43,"RGB(108, 92, 95)",0.12,"RGB(83, 68, 67)",0.11,"RGB(27, 24, 24)",0.23,0.43%,"RGB(58, 47, 47)",0.20,"RGB(17, 14, 15)",0.47,"RGB(201, 191, 209)",0.02,"RGB(104, 84, 89)",0.20,"RGB(150, 122, 132)",0.11,2.29%
23,"RGB(26, 28, 34)",0.55,"RGB(169, 171, 179)",0.02,"RGB(4, 12, 23)",0.40,"RGB(104, 103, 103)",0.01,"RGB(145, 150, 159)",0.02,9.32%,"RGB(38, 48, 67)",0.15,"RGB(162, 161, 169)",0.31,"RGB(5, 5, 12)",0.43,"RGB(29, 145, 236)",0.01,"RGB(114, 113, 118)",0.09,7.43%,"RGB(151, 150, 148)",0.26,"RGB(201, 199, 194)",0.31,"RGB(20, 22, 24)",0.08,"RGB(108, 101, 98)",0.06,"RGB(173, 170, 170)",0.29,6.65%,"RGB(4, 5, 7)",0.26,"RGB(98, 96, 97)",0.08,"RGB(45, 48, 50)",0.18,"RGB(21, 24, 27)",0.46,"RGB(156, 152, 153)",0.02,2.16%,"RGB(31, 45, 79)",0.31,"RGB(84, 86, 85)",0.21,"RGB(204, 202, 202)",0.04,"RGB(28, 150, 241)",0.06,"RGB(10, 12, 22)",0.38,1.38%
24,"RGB(210, 206, 194)",0.21,"RGB(84, 60, 30)",0.19,"RGB(154, 133, 106)",0.18,"RGB(117, 87, 55)",0.25,"RGB(180, 174, 154)",0.18,50.65%,"RGB(231, 210, 155)",0.17,"RGB(182, 109, 75)",0.49,"RGB(120, 83, 59)",0.08,"RGB(239, 165, 104)",0.06,"RGB(197, 180, 131)",0.20,4.47%,"RGB(126, 158, 189)",0.33,"RGB(130, 131, 126)",0.37,"RGB(179, 204, 216)",0.08,"RGB(194, 189, 144)",0.16,"RGB(98, 94, 91)",0.06,3.35%,"RGB(190, 190, 180)",0.17,"RGB(113, 99, 48)",0.23,"RGB(54, 61, 17)",0.10,"RGB(178, 158, 131)",0.16,"RGB(174, 135, 90)",0.35,2.85%,"RGB(186, 175, 145)",0.20,"RGB(64, 56, 43)",0.13,"RGB(154, 134, 105)",0.29,"RGB(120, 92, 72)",0.26,"RGB(219, 209, 168)",0.12,16.82%
25,"RGB(53, 31, 15)",0.20,"RGB(141, 106, 76)",0.15,"RGB(209, 178, 154)",0.04,"RGB(14, 6, 3)",0.43,"RGB(103, 70, 40)",0.17,7.07%,"RGB(76, 64, 48)",0.34,"RGB(66, 54, 39)",0.22,"RGB(53, 42, 28)",0.21,"RGB(113, 103, 85)",0.02,"RGB(84, 73, 56)",0.21,2.31%,"RGB(55, 47, 25)",0.35,"RGB(15, 10, 4)",0.23,"RGB(40, 29, 13)",0.15,"RGB(71, 60, 35)",0.24,"RGB(90, 78, 57)",0.03,0.61%,"RGB(225, 217, 205)",0.16,"RGB(70, 55, 37)",0.43,"RGB(174, 162, 147)",0.15,"RGB(121, 108, 95)",0.15,"RGB(8, 6, 15)",0.11,0.49%,"RGB(105, 89, 73)",0.22,"RGB(20, 16, 11)",0.42,"RGB(227, 211, 193)",0.11,"RGB(58, 45, 33)",0.14,"RGB(159, 147, 131)",0.13,0.81%
26,"RGB(91, 77, 63)",0.07,"RGB(170, 153, 141)",0.32,"RGB(225, 220, 222)",0.11,"RGB(141, 123, 109)",0.33,"RGB(194, 182, 175)",0.17,46.59%,"RGB(108, 87, 69)",0.04,"RGB(181, 167, 156)",0.27,"RGB(201, 190, 184)",0.15,"RGB(152, 129, 109)",0.20,"RGB(170, 149, 132)",0.34,8.14%,"RGB(135, 112, 98)",0.57,"RGB(219, 200, 191)",0.17,"RGB(251, 235, 224)",0.09,"RGB(171, 155, 147)",0.12,"RGB(101, 84, 70)",0.05,3.87%,"RGB(185, 171, 167)",0.22,"RGB(158, 135, 122)",0.23,"RGB(172, 152, 141)",0.26,"RGB(140, 117, 105)",0.11,"RGB(203, 192, 191)",0.19,3.45%,"RGB(157, 140, 130)",0.31,"RGB(190, 180, 177)",0.20,"RGB(243, 241, 245)",0.07,"RGB(129, 112, 100)",0.37,"RGB(71, 55, 44)",0.05,4.31%
27,"RGB(222, 183, 153)",0.32,"RGB(148, 96, 61)",0.04,"RGB(192, 139, 98)",0.05,"RGB(98, 47, 20)",0.03,"RGB(238, 199, 165)",0.56,12.42%,"RGB(145, 82, 41)",0.25,"RGB(109, 52, 16)",0.29,"RGB(167, 105, 64)",0.08,"RGB(127, 67, 27)",0.34,"RGB(58, 26, 9)",0.03,2.48%,"RGB(171, 114, 76)",0.20,"RGB(99, 44, 15)",0.11,"RGB(226, 182, 145)",0.30,"RGB(138, 83, 48)",0.18,"RGB(196, 142, 102)",0.22,0.57%,"RGB(168, 108, 70)",0.18,"RGB(229, 183, 143)",0.23,"RGB(130, 68, 38)",0.18,"RGB(82, 32, 11)",0.16,"RGB(202, 147, 105)",0.25,0.41%,NaN,NaN,NaN,NaN,NaN,NaN,NaN,NaN,NaN,NaN,NaN
28,"RGB(172, 169, 162)",0.22,"RGB(139, 139, 134)",0.25,"RGB(55, 49, 48)",0.03,"RGB(202, 193, 181)",0.10,"RGB(155, 154, 149)",0.40,17.46%,"RGB(172, 166, 157)",0.15,"RGB(83, 79, 79)",0.23,"RGB(112, 106, 102)",0.22,"RGB(57, 56, 54)",0.23,"RGB(140, 134, 127)",0.17,0.22%,"RGB(75, 66, 55)",0.15,"RGB(161, 141, 114)",0.38,"RGB(135, 132, 120)",0.25,"RGB(215, 205, 192)",0.03,"RGB(176, 160, 138)",0.19,0.18%,"RGB(125, 106, 98)",0.18,"RGB(110, 91, 83)",0.40,"RGB(170, 152, 139)",0.05,"RGB(74, 58, 55)",0.08,"RGB(98, 79, 73)",0.28,0.11%,"RGB(69, 55, 54)",0.39,"RGB(101, 82, 77)",0.22,"RGB(87, 68, 66)",0.28,"RGB(164, 146, 136)",0.05,"RGB(129, 112, 103)",0.06,0.11%
29,"RGB(161, 165, 164)",0.50,"RGB(79, 83, 80)",0.02,"RGB(221, 222, 216)",0.01,"RGB(150, 154, 151)",0.46,"RGB(194, 198, 192)",0.01,29.22%,"RGB(162, 164, 154)",0.46,"RGB(74, 104, 98)",0.08,"RGB(34, 40, 40)",0.12,"RGB(145, 150, 141)",0.30,"RGB(198, 201, 192)",0.05,17.19%,"RGB(103, 152, 145)",0.40,"RGB(40, 101, 97)",0.15,"RGB(172, 180, 165)",0.20,"RGB(69, 124, 117)",0.21,"RGB(44, 57, 54)",0.04,1.43%,"RGB(63, 123, 116)",0.14,"RGB(147, 165, 155)",0.15,"RGB(95, 144, 136)",0.28,"RGB(178, 186, 174)",0.06,"RGB(109, 155, 148)",0.37,0.35%,NaN,NaN,NaN,NaN,NaN,NaN,NaN,NaN,NaN,NaN,NaN
30,"RGB(5, 4, 3)",0.23,"RGB(88, 84, 74)",0.10,"RGB(123, 119, 109)",0.13,"RGB(26, 27, 23)",0.21,"RGB(54, 50, 41)",0.33,37.55%,"RGB(129, 125, 115)",0.18,"RGB(56, 52, 45)",0.13,"RGB(108, 104, 94)",0.29,"RGB(85, 80, 72)",0.14,"RGB(31, 26, 20)",0.25,15.55%,"RGB(18, 17, 16)",0.47,"RGB(236, 89, 59)",0.11,"RGB(95, 87, 76)",0.07,"RGB(162, 46, 28)",0.10,"RGB(75, 27, 20)",0.25,0.42%,"RGB(53, 45, 36)",0.55,"RGB(109, 101, 92)",0.06,"RGB(10, 6, 3)",0.18,"RGB(185, 179, 172)",0.00,"RGB(37, 30, 22)",0.21,0.40%,"RGB(19, 15, 9)",0.29,"RGB(133, 123, 106)",0.22,"RGB(101, 89, 69)",0.22,"RGB(213, 196, 169)",0.02,"RGB(60, 52, 40)",0.25,0.75%